date,value,contributed,cash_in,return,nav,drawdown
2021-01-01,1000.00000000,1000.00000000,1000.00000000,0.00000000,1.00000000,0.00000000
2021-01-04,1006.04676000,1000.00000000,0.00000000,0.00604676,1.00604676,0.00000000
2021-01-05,1012.08137000,1000.00000000,0.00000000,0.00599834,1.01208137,0.00000000
2021-01-06,1018.05474000,1000.00000000,0.00000000,0.00590206,1.01805474,0.00000000
2021-01-07,1023.91788000,1000.00000000,0.00000000,0.00575916,1.02391788,0.00000000
2021-01-08,1029.62253000,1000.00000000,0.00000000,0.00557139,1.02962253,0.00000000
2021-01-11,1035.12184000,1000.00000000,0.00000000,0.00534109,1.03512184,0.00000000
2021-01-12,1040.37103000,1000.00000000,0.00000000,0.00507108,1.04037103,0.00000000
2021-01-13,1045.32813000,1000.00000000,0.00000000,0.00476474,1.04532813,0.00000000
2021-01-14,1049.95458000,1000.00000000,0.00000000,0.00442584,1.04995458,0.00000000
2021-01-15,1054.21586000,1000.00000000,0.00000000,0.00405854,1.05421586,0.00000000
2021-01-18,1058.08209000,1000.00000000,0.00000000,0.00366740,1.05808209,0.00000000
2021-01-19,1061.52850000,1000.00000000,0.00000000,0.00325722,1.06152850,0.00000000
2021-01-20,1064.53586000,1000.00000000,0.00000000,0.00283305,1.06453586,0.00000000
2021-01-21,1067.09083000,1000.00000000,0.00000000,0.00240008,1.06709083,0.00000000
2021-01-22,1069.18620000,1000.00000000,0.00000000,0.00196363,1.06918620,0.00000000
2021-01-25,1070.82101000,1000.00000000,0.00000000,0.00152902,1.07082101,0.00000000
2021-01-26,1072.00059000,1000.00000000,0.00000000,0.00110157,1.07200059,0.00000000
2021-01-27,1072.73649000,1000.00000000,0.00000000,0.00068647,1.07273649,0.00000000
2021-01-28,1073.04628000,1000.00000000,0.00000000,0.00028878,1.07304628,0.00000000
2021-01-29,1072.95326000,1000.00000000,0.00000000,-0.00008669,1.07295326,-0.00008669
2021-02-01,2072.48609000,2000.00000000,1000.00000000,-0.00043541,1.07248609,-0.00052206
2021-02-02,2070.92520270,2000.00000000,0.00000000,-0.00075315,1.07167835,-0.00127481
2021-02-03,2068.77948993,2000.00000000,0.00000000,-0.00103611,1.07056797,-0.00230960
2021-02-04,2066.12953330,2000.00000000,0.00000000,-0.00128093,1.06919665,-0.00358757
2021-02-05,2063.06207883,2000.00000000,0.00000000,-0.00148464,1.06760928,-0.00506688
2021-02-08,2059.66858764,2000.00000000,0.00000000,-0.00164488,1.06585319,-0.00670343
2021-02-09,2056.04403783,2000.00000000,0.00000000,-0.00175977,1.06397753,-0.00845141
2021-02-10,2052.28562976,2000.00000000,0.00000000,-0.00182798,1.06203260,-0.01026394
2021-02-11,2048.49139476,2000.00000000,0.00000000,-0.00184879,1.06006913,-0.01209375
2021-02-12,2044.75899697,2000.00000000,0.00000000,-0.00182202,1.05813766,-0.01389373
2021-02-15,2041.18453530,2000.00000000,0.00000000,-0.00174811,1.05628792,-0.01561756
2021-02-16,2037.86140327,2000.00000000,0.00000000,-0.00162804,1.05456824,-0.01722017
2021-02-17,2034.87916822,2000.00000000,0.00000000,-0.00146341,1.05302497,-0.01865838
2021-02-18,2032.32275971,2000.00000000,0.00000000,-0.00125629,1.05170206,-0.01989124
2021-02-19,2030.27138733,2000.00000000,0.00000000,-0.00100937,1.05064050,-0.02088053
2021-02-22,2028.79792240,2000.00000000,0.00000000,-0.00072575,1.04987800,-0.02159113
2021-02-23,2027.96810560,2000.00000000,0.00000000,-0.00040902,1.04944858,-0.02199132
2021-02-24,2027.84002527,2000.00000000,0.00000000,-0.00006316,1.04938230,-0.02205308
2021-02-25,2028.46349900,2000.00000000,0.00000000,0.00030746,1.04970494,-0.02175241
2021-02-26,2029.87964857,2000.00000000,0.00000000,0.00069814,1.05043778,-0.02106945
2021-03-01,3032.12062930,3000.00000000,1000.00000000,0.00110400,1.05159746,-0.01998872
2021-03-02,3036.72911202,3000.00000000,0.00000000,0.00151989,1.05319577,-0.01849921
2021-03-03,3042.62206827,3000.00000000,0.00000000,0.00194056,1.05523956,-0.01659455
2021-03-04,3049.80474574,3000.00000000,0.00000000,0.00236069,1.05773065,-0.01427304
2021-03-05,3058.26783121,3000.00000000,0.00000000,0.00277496,1.06066581,-0.01153769
2021-03-08,3067.98727757,3000.00000000,0.00000000,0.00317809,1.06403670,-0.00839626
2021-03-09,3078.92453447,3000.00000000,0.00000000,0.00356496,1.06782995,-0.00486123
2021-03-10,3091.02666366,3000.00000000,0.00000000,0.00393064,1.07202720,-0.00094971
2021-03-11,3104.22656963,3000.00000000,0.00000000,0.00427040,1.07660518,0.00000000
2021-03-12,3118.44360518,3000.00000000,0.00000000,0.00457990,1.08153592,0.00000000
2021-03-15,3133.58406152,3000.00000000,0.00000000,0.00485513,1.08678692,0.00000000
2021-03-16,3149.54180263,3000.00000000,0.00000000,0.00509249,1.09232137,0.00000000
2021-03-17,3166.19936094,3000.00000000,0.00000000,0.00528888,1.09809853,0.00000000
2021-03-18,3183.42877352,3000.00000000,0.00000000,0.00544167,1.10407402,0.00000000
2021-03-19,3201.09302368,3000.00000000,0.00000000,0.00554881,1.11020032,0.00000000
2021-03-22,3219.04716559,3000.00000000,0.00000000,0.00560875,1.11642716,0.00000000
2021-03-23,3237.14022716,3000.00000000,0.00000000,0.00562063,1.12270218,0.00000000
2021-03-24,3255.21656531,3000.00000000,0.00000000,0.00558405,1.12897140,0.00000000
2021-03-25,3273.11811496,3000.00000000,0.00000000,0.00549934,1.13518000,0.00000000
2021-03-26,3290.68606133,3000.00000000,0.00000000,0.00536734,1.14127290,0.00000000
2021-03-29,3307.76323317,3000.00000000,0.00000000,0.00518955,1.14719559,0.00000000
2021-03-30,3324.19606340,3000.00000000,0.00000000,0.00496796,1.15289481,0.00000000
2021-03-31,3339.83692465,3000.00000000,0.00000000,0.00470516,1.15831936,0.00000000
2021-04-01,4354.54629174,4000.00000000,1000.00000000,0.00440422,1.16342085,0.00000000
2021-04-02,4372.26359526,4000.00000000,0.00000000,0.00406869,1.16815445,0.00000000
2021-04-05,4388.45208144,4000.00000000,0.00000000,0.00370254,1.17247959,0.00000000
2021-04-06,4402.97842883,4000.00000000,0.00000000,0.00331013,1.17636065,0.00000000
2021-04-07,4415.72997671,4000.00000000,0.00000000,0.00289612,1.17976753,0.00000000
2021-04-08,4426.61659649,4000.00000000,0.00000000,0.00246542,1.18267615,0.00000000
2021-04-09,4435.57237602,4000.00000000,0.00000000,0.00202317,1.18506890,0.00000000
2021-04-12,4442.55666763,4000.00000000,0.00000000,0.00157461,1.18693492,0.00000000
2021-04-13,4447.55491148,4000.00000000,0.00000000,0.00112508,1.18827032,0.00000000
2021-04-14,4450.57882282,4000.00000000,0.00000000,0.00067990,1.18907823,0.00000000
2021-04-15,4451.66631702,4000.00000000,0.00000000,0.00024435,1.18936878,0.00000000
2021-04-16,4450.88079849,4000.00000000,0.00000000,-0.00017645,1.18915891,-0.00017645
2021-04-19,4448.31018753,4000.00000000,0.00000000,-0.00057755,1.18847211,-0.00075390
2021-04-20,4444.06542313,4000.00000000,0.00000000,-0.00095424,1.18733802,-0.00170743
2021-04-21,4438.27855415,4000.00000000,0.00000000,-0.00130216,1.18579192,-0.00300736
2021-04-22,4431.10086787,4000.00000000,0.00000000,-0.00161722,1.18387423,-0.00461972
2021-04-23,4422.70015765,4000.00000000,0.00000000,-0.00189585,1.18162978,-0.00650681
2021-04-26,4413.25836496,4000.00000000,0.00000000,-0.00213485,1.17910718,-0.00862777
2021-04-27,4402.96865991,4000.00000000,0.00000000,-0.00233154,1.17635804,-0.01093920
2021-04-28,4392.03282125,4000.00000000,0.00000000,-0.00248374,1.17343627,-0.01339577
2021-04-29,4380.65805487,4000.00000000,0.00000000,-0.00258986,1.17039723,-0.01595094
2021-04-30,4369.05448616,4000.00000000,0.00000000,-0.00264882,1.16729706,-0.01855751
2021-05-03,5357.43220304,5000.00000000,1000.00000000,-0.00266014,1.16419189,-0.02116828
2021-05-04,5343.37471289,5000.00000000,0.00000000,-0.00262392,1.16113714,-0.02373666
2021-05-05,5329.79788559,5000.00000000,0.00000000,-0.00254087,1.15818684,-0.02621722
2021-05-06,5316.94124725,5000.00000000,0.00000000,-0.00241222,1.15539304,-0.02856619
2021-05-07,5305.03231315,5000.00000000,0.00000000,-0.00223981,1.15280518,-0.03074202
2021-05-10,5294.28451692,5000.00000000,0.00000000,-0.00202596,1.15046964,-0.03270570
2021-05-11,5284.89477157,5000.00000000,0.00000000,-0.00177356,1.14842921,-0.03442126
2021-05-12,5277.04176678,5000.00000000,0.00000000,-0.00148593,1.14672272,-0.03585604
2021-05-13,5270.88417423,5000.00000000,0.00000000,-0.00116686,1.14538465,-0.03698107
2021-05-14,5266.55945107,5000.00000000,0.00000000,-0.00082049,1.14444487,-0.03777122
2021-05-17,5264.18241335,5000.00000000,0.00000000,-0.00045135,1.14392833,-0.03820552
2021-05-18,5263.84449978,5000.00000000,0.00000000,-0.00006419,1.14385490,-0.03826726
2021-05-19,5265.61289729,5000.00000000,0.00000000,0.00033595,1.14423918,-0.03794416
2021-05-20,5269.52994289,5000.00000000,0.00000000,0.00074389,1.14509037,-0.03722850
2021-05-21,5275.61280145,5000.00000000,0.00000000,0.00115435,1.14641220,-0.03611712
2021-05-24,5283.85323568,5000.00000000,0.00000000,0.00156199,1.14820288,-0.03461155
2021-05-25,5294.21760607,5000.00000000,0.00000000,0.00196152,1.15045510,-0.03271793
2021-05-26,5306.64705502,5000.00000000,0.00000000,0.00234774,1.15315607,-0.03044700
2021-05-27,5321.05769085,5000.00000000,0.00000000,0.00271558,1.15628756,-0.02781410
2021-05-28,5337.34137019,5000.00000000,0.00000000,0.00306023,1.15982607,-0.02483898
2021-05-31,5355.36638819,5000.00000000,0.00000000,0.00337715,1.16374298,-0.02154571
2021-06-01,6374.97839892,6000.00000000,1000.00000000,0.00366212,1.16800475,-0.01796249
2021-06-02,6399.91297758,6000.00000000,0.00000000,0.00391132,1.17257319,-0.01412143
2021-06-03,6426.28956176,6000.00000000,0.00000000,0.00412140,1.17740583,-0.01005823
2021-06-04,6453.85468160,6000.00000000,0.00000000,0.00428943,1.18245623,-0.00581195
2021-06-07,6482.33603712,6000.00000000,0.00000000,0.00441308,1.18767450,-0.00142452
2021-06-08,6511.44506347,6000.00000000,0.00000000,0.00449051,1.19300777,0.00000000
2021-06-09,6540.87993285,6000.00000000,0.00000000,0.00452048,1.19840074,0.00000000
2021-06-10,6570.32926595,6000.00000000,0.00000000,0.00450235,1.20379636,0.00000000
2021-06-11,6599.47562508,6000.00000000,0.00000000,0.00443606,1.20913647,0.00000000
2021-06-14,6627.99960763,6000.00000000,0.00000000,0.00432216,1.21436255,0.00000000
2021-06-15,6655.58393965,6000.00000000,0.00000000,0.00416179,1.21941647,0.00000000
2021-06-16,6681.91789679,6000.00000000,0.00000000,0.00395667,1.22424130,0.00000000
2021-06-17,6706.70156156,6000.00000000,0.00000000,0.00370906,1.22878209,0.00000000
2021-06-18,6729.65057176,6000.00000000,0.00000000,0.00342180,1.23298674,0.00000000
2021-06-21,6750.50010489,6000.00000000,0.00000000,0.00309816,1.23680673,0.00000000
2021-06-22,6769.00918993,6000.00000000,0.00000000,0.00274188,1.24019791,0.00000000
2021-06-23,6784.96447338,6000.00000000,0.00000000,0.00235711,1.24312119,0.00000000
2021-06-24,6798.18393069,6000.00000000,0.00000000,0.00194835,1.24554322,0.00000000
2021-06-25,6808.51970445,6000.00000000,0.00000000,0.00152037,1.24743691,0.00000000
2021-06-28,6815.86061505,6000.00000000,0.00000000,0.00107819,1.24878189,0.00000000
2021-06-29,6820.13428931,6000.00000000,0.00000000,0.00062702,1.24956490,0.00000000
2021-06-30,6821.30819751,6000.00000000,0.00000000,0.00017212,1.24977998,0.00000000
2021-07-01,7819.39030834,7000.00000000,1000.00000000,-0.00028116,1.24942859,-0.00028116
2021-07-02,7813.70132200,7000.00000000,0.00000000,-0.00072755,1.24851957,-0.00100851
2021-07-05,7804.62342662,7000.00000000,0.00000000,-0.00116179,1.24706905,-0.00216913
2021-07-06,7792.30094027,7000.00000000,0.00000000,-0.00157887,1.24510009,-0.00374457
2021-07-07,7776.91942372,7000.00000000,0.00000000,-0.00197394,1.24264234,-0.00571112
2021-07-08,7758.70248865,7000.00000000,0.00000000,-0.00234244,1.23973153,-0.00804018
2021-07-09,7737.90829294,7000.00000000,0.00000000,-0.00268011,1.23640891,-0.01069874
2021-07-12,7714.82497209,7000.00000000,0.00000000,-0.00298315,1.23272052,-0.01364997
2021-07-13,7689.76638352,7000.00000000,0.00000000,-0.00324811,1.22871651,-0.01685374
2021-07-14,7663.06722502,7000.00000000,0.00000000,-0.00347204,1.22445036,-0.02026726
2021-07-15,7635.07809064,7000.00000000,0.00000000,-0.00365247,1.21997809,-0.02384571
2021-07-16,7606.16008853,7000.00000000,0.00000000,-0.00378752,1.21535740,-0.02754291
2021-07-19,7576.68027226,7000.00000000,0.00000000,-0.00387578,1.21064694,-0.03131194
2021-07-20,7547.00632126,7000.00000000,0.00000000,-0.00391648,1.20590546,-0.03510580
2021-07-21,7517.50190959,7000.00000000,0.00000000,-0.00390942,1.20119107,-0.03887797
2021-07-22,7488.52257542,7000.00000000,0.00000000,-0.00385492,1.19656058,-0.04258302
2021-07-23,7460.41102727,7000.00000000,0.00000000,-0.00375395,1.19206875,-0.04617711
2021-07-26,7433.49370188,7000.00000000,0.00000000,-0.00360802,1.18776774,-0.04961853
2021-07-27,7408.07719695,7000.00000000,0.00000000,-0.00341919,1.18370654,-0.05286806
2021-07-28,7384.44520453,7000.00000000,0.00000000,-0.00319003,1.17993048,-0.05588944
2021-07-29,7362.85581993,7000.00000000,0.00000000,-0.00292363,1.17648080,-0.05864967
2021-07-30,7343.53922611,7000.00000000,0.00000000,-0.00262352,1.17339428,-0.06111932
2021-08-02,8326.69581619,8000.00000000,1000.00000000,-0.00229364,1.17070294,-0.06327277
2021-08-03,8310.55613552,8000.00000000,0.00000000,-0.00193831,1.16843376,-0.06508843
2021-08-04,8297.57372058,8000.00000000,0.00000000,-0.00156216,1.16660848,-0.06654891
2021-08-05,8287.86471948,8000.00000000,0.00000000,-0.00117010,1.16524343,-0.06764115
2021-08-06,8281.50630352,8000.00000000,0.00000000,-0.00076720,1.16434946,-0.06835645
2021-08-09,8278.53581364,8000.00000000,0.00000000,-0.00035869,1.16393182,-0.06869062
2021-08-10,8278.95061818,8000.00000000,0.00000000,0.00005011,1.16399014,-0.06864395
2021-08-11,8282.70832630,8000.00000000,0.00000000,0.00045389,1.16451846,-0.06822122
2021-08-12,8289.72693015,8000.00000000,0.00000000,0.00084738,1.16550525,-0.06743165
2021-08-13,8299.88580071,8000.00000000,0.00000000,0.00122548,1.16693355,-0.06628881
2021-08-16,8313.02618563,8000.00000000,0.00000000,0.00158320,1.16878104,-0.06481056
2021-08-17,8328.95277398,8000.00000000,0.00000000,0.00191586,1.17102026,-0.06301887
2021-08-18,8347.43518992,8000.00000000,0.00000000,0.00221906,1.17361882,-0.06093965
2021-08-19,8368.20991307,8000.00000000,0.00000000,0.00248876,1.17653967,-0.05860256
2021-08-20,8390.98276793,8000.00000000,0.00000000,0.00272135,1.17974145,-0.05604069
2021-08-23,8415.43141323,8000.00000000,0.00000000,0.00291368,1.18317884,-0.05329029
2021-08-24,8441.20861375,8000.00000000,0.00000000,0.00306309,1.18680302,-0.05039044
2021-08-25,8467.94565436,8000.00000000,0.00000000,0.00316744,1.19056215,-0.04738260
2021-08-26,8495.25646524,8000.00000000,0.00000000,0.00322520,1.19440195,-0.04431022
2021-08-27,8522.74181837,8000.00000000,0.00000000,0.00323538,1.19826629,-0.04121821
2021-08-30,8549.99402175,8000.00000000,0.00000000,0.00319759,1.20209785,-0.03815242
2021-08-31,8576.60211163,8000.00000000,0.00000000,0.00311206,1.20583885,-0.03515909
2021-09-01,9602.15704463,9000.00000000,1000.00000000,0.00297961,1.20943178,-0.03228424
2021-09-02,9629.05865364,9000.00000000,0.00000000,0.00280162,1.21282015,-0.02957307
2021-09-03,9653.90237137,9000.00000000,0.00000000,0.00258008,1.21594932,-0.02706929
2021-09-06,9676.27534927,9000.00000000,0.00000000,0.00231751,1.21876729,-0.02481452
2021-09-07,9695.79141515,9000.00000000,0.00000000,0.00201690,1.22122542,-0.02284767
2021-09-08,9712.09758349,9000.00000000,0.00000000,0.00168178,1.22327925,-0.02120432
2021-09-09,9724.87921606,9000.00000000,0.00000000,0.00131605,1.22488915,-0.01991617
2021-09-10,9733.86542068,9000.00000000,0.00000000,0.00092404,1.22602100,-0.01901053
2021-09-13,9738.83310035,9000.00000000,0.00000000,0.00051035,1.22664670,-0.01850988
2021-09-14,9739.61100231,9000.00000000,0.00000000,0.00007988,1.22674468,-0.01843148
2021-09-15,9736.08257623,9000.00000000,0.00000000,-0.00036228,1.22630026,-0.01878708
2021-09-16,9728.18772089,9000.00000000,0.00000000,-0.00081089,1.22530587,-0.01958273
2021-09-17,9715.92389569,9000.00000000,0.00000000,-0.00126065,1.22376119,-0.02081870
2021-09-20,9699.34620002,9000.00000000,0.00000000,-0.00170624,1.22167316,-0.02248941
2021-09-21,9678.56634119,9000.00000000,0.00000000,-0.00214240,1.21905585,-0.02458363
2021-09-22,9653.75057013,9000.00000000,0.00000000,-0.00256399,1.21593020,-0.02708459
2021-09-23,9625.11698203,9000.00000000,0.00000000,-0.00296606,1.21232368,-0.02997032
2021-09-24,9592.93178482,9000.00000000,0.00000000,-0.00334388,1.20826982,-0.03321397
2021-09-27,9557.50445612,9000.00000000,0.00000000,-0.00369307,1.20380760,-0.03678438
2021-09-28,9519.18337661,9000.00000000,0.00000000,-0.00400953,1.19898090,-0.04064642
2021-09-29,9478.34955786,9000.00000000,0.00000000,-0.00428963,1.19383771,-0.04476169
2021-09-30,9435.41116419,9000.00000000,0.00000000,-0.00453016,1.18842944,-0.04908907
2021-10-01,10390.79692296,10000.00000000,1000.00000000,-0.00472838,1.18281009,-0.05358534
2021-10-04,10340.06807603,10000.00000000,0.00000000,-0.00488209,1.17703550,-0.05820583
2021-10-05,10288.47506443,10000.00000000,0.00000000,-0.00498962,1.17116254,-0.06290502
2021-10-06,10236.51976604,10000.00000000,0.00000000,-0.00504985,1.16524834,-0.06763722
2021-10-07,10184.69984203,10000.00000000,0.00000000,-0.00506226,1.15934955,-0.07235708
2021-10-08,10133.50258745,10000.00000000,0.00000000,-0.00502688,1.15352164,-0.07702023
2021-10-11,10083.39886971,10000.00000000,0.00000000,-0.00494436,1.14781821,-0.08158378
2021-10-12,10034.83838474,10000.00000000,0.00000000,-0.00481588,1.14229045,-0.08600676
2021-10-13,9988.24438611,10000.00000000,0.00000000,-0.00464322,1.13698654,-0.09025064
2021-10-14,9944.00981971,10000.00000000,0.00000000,-0.00442866,1.13195121,-0.09427961
2021-10-15,9902.49345837,10000.00000000,0.00000000,-0.00417501,1.12722530,-0.09806100
2021-10-18,9864.01656369,10000.00000000,0.00000000,-0.00388558,1.12284538,-0.10156556
2021-10-19,9828.86077763,10000.00000000,0.00000000,-0.00356404,1.11884351,-0.10476762
2021-10-20,9797.26522351,10000.00000000,0.00000000,-0.00321457,1.11524691,-0.10764540
2021-10-21,9769.42545186,10000.00000000,0.00000000,-0.00284159,1.11207784,-0.11018111
2021-10-22,9745.49159560,10000.00000000,0.00000000,-0.00244987,1.10935339,-0.11236105
2021-10-25,9725.56810647,10000.00000000,0.00000000,-0.00204438,1.10708545,-0.11417572
2021-10-26,9709.71234947,10000.00000000,0.00000000,-0.00163032,1.10528055,-0.11561989
2021-10-27,9697.93530565,10000.00000000,0.00000000,-0.00121291,1.10393994,-0.11669257
2021-10-28,9690.20122071,10000.00000000,0.00000000,-0.00079750,1.10305955,-0.11739701
2021-10-29,9686.42813210,10000.00000000,0.00000000,-0.00038937,1.10263005,-0.11774067
2021-11-01,10686.48883534,11000.00000000,1000.00000000,0.00000627,1.10263696,-0.11773514
2021-11-02,10690.59620171,11000.00000000,0.00000000,0.00038435,1.10306076,-0.11739604
2021-11-03,10698.50758247,11000.00000000,0.00000000,0.00074003,1.10387706,-0.11674288
2021-11-04,10709.94162595,11000.00000000,0.00000000,0.00106875,1.10505683,-0.11579890
2021-11-05,10724.57423979,11000.00000000,0.00000000,0.00136626,1.10656663,-0.11459085
2021-11-08,10742.04149855,11000.00000000,0.00000000,0.00162871,1.10836891,-0.11314877
2021-11-09,10761.94332652,11000.00000000,0.00000000,0.00185270,1.11042239,-0.11150570
2021-11-10,10783.84669603,11000.00000000,0.00000000,0.00203526,1.11268239,-0.10969738
2021-11-11,10807.29076405,11000.00000000,0.00000000,0.00217400,1.11510136,-0.10776186
2021-11-12,10831.79113661,11000.00000000,0.00000000,0.00226702,1.11762932,-0.10573914
2021-11-15,10856.84548997,11000.00000000,0.00000000,0.00231304,1.12021444,-0.10367068
2021-11-16,10881.93928877,11000.00000000,0.00000000,0.00231133,1.12280363,-0.10159896
2021-11-17,10906.55179495,11000.00000000,0.00000000,0.00226178,1.12534316,-0.09956698
2021-11-18,10930.16304577,11000.00000000,0.00000000,0.00216487,1.12777938,-0.09761766
2021-11-19,10952.26015349,11000.00000000,0.00000000,0.00202166,1.13005937,-0.09579335
2021-11-22,10972.34476799,11000.00000000,0.00000000,0.00183383,1.13213171,-0.09413519
2021-11-23,10989.93976410,11000.00000000,0.00000000,0.00160358,1.13394717,-0.09268256
2021-11-24,11004.59641350,11000.00000000,0.00000000,0.00133364,1.13545945,-0.09147252
2021-11-25,11015.90087818,11000.00000000,0.00000000,0.00102725,1.13662585,-0.09053924
2021-11-26,11023.48089780,11000.00000000,0.00000000,0.00068810,1.13740796,-0.08991344
2021-11-29,11027.01141083,11000.00000000,0.00000000,0.00032027,1.13777224,-0.08962197
2021-11-30,11026.21988508,11000.00000000,0.00000000,-0.00007178,1.13769057,-0.08968731
2021-12-01,12020.89058206,12000.00000000,1000.00000000,-0.00048333,1.13714069,-0.09012730
2021-12-02,12009.95905630,12000.00000000,0.00000000,-0.00090938,1.13610660,-0.09095471
2021-12-03,11993.80833986,12000.00000000,0.00000000,-0.00134478,1.13457879,-0.09217718
2021-12-06,11972.40798780,12000.00000000,0.00000000,-0.00178428,1.13255438,-0.09379699
2021-12-07,11945.79869908,12000.00000000,0.00000000,-0.00222255,1.13003722,-0.09581107
2021-12-08,11914.09062513,12000.00000000,0.00000000,-0.00265433,1.12703773,-0.09821109
2021-12-09,11877.46220705,12000.00000000,0.00000000,-0.00307438,1.12357279,-0.10098353
2021-12-10,11836.15626426,12000.00000000,0.00000000,-0.00347767,1.11966537,-0.10411001
2021-12-13,11790.47640035,12000.00000000,0.00000000,-0.00385935,1.11534419,-0.10756757
2021-12-14,11740.78129461,12000.00000000,0.00000000,-0.00421485,1.11064318,-0.11132904
2021-12-15,11687.47920504,12000.00000000,0.00000000,-0.00453991,1.10560096,-0.11536352
2021-12-16,11631.02088570,12000.00000000,0.00000000,-0.00483067,1.10026017,-0.11963691
2021-12-17,11571.89271543,12000.00000000,0.00000000,-0.00508366,1.09466682,-0.12411237
2021-12-20,11510.60898093,12000.00000000,0.00000000,-0.00529591,1.08886956,-0.12875100
2021-12-21,11447.70447693,12000.00000000,0.00000000,-0.00546492,1.08291898,-0.13351230
2021-12-22,11383.72636642,12000.00000000,0.00000000,-0.00558873,1.07686684,-0.13835486
2021-12-23,11319.22709797,12000.00000000,0.00000000,-0.00566592,1.07076540,-0.14323688
2021-12-24,11254.75679448,12000.00000000,0.00000000,-0.00569565,1.06466670,-0.14811669
2021-12-27,11190.85595912,12000.00000000,0.00000000,-0.00567767,1.05862187,-0.15295341
2021-12-28,11128.04976687,12000.00000000,0.00000000,-0.00561228,1.05268059,-0.15770727
2021-12-29,11066.84129899,12000.00000000,0.00000000,-0.00550038,1.04689045,-0.16234020
2021-12-30,11007.70636318,12000.00000000,0.00000000,-0.00534343,1.04129646,-0.16681618
2021-12-31,10951.08894796,12000.00000000,0.00000000,-0.00514343,1.03594062,-0.17110160
2022-01-03,11897.39646563,13000.00000000,1000.00000000,-0.00490294,1.03086147,-0.17516564
2022-01-04,11842.37128741,13000.00000000,0.00000000,-0.00462498,1.02609376,-0.17898048
2022-01-05,11791.29470595,13000.00000000,0.00000000,-0.00431304,1.02166818,-0.18252157
2022-01-06,11744.47117856,13000.00000000,0.00000000,-0.00397103,1.01761111,-0.18576779
2022-01-07,11702.15311166,13000.00000000,0.00000000,-0.00360323,1.01394442,-0.18870166
2022-01-10,11664.53912962,13000.00000000,0.00000000,-0.00321428,1.01068532,-0.19130940
2022-01-11,11631.77326682,13000.00000000,0.00000000,-0.00280901,1.00784629,-0.19358103
2022-01-12,11603.94404441,13000.00000000,0.00000000,-0.00239252,1.00543500,-0.19551040
2022-01-13,11581.08389321,13000.00000000,0.00000000,-0.00197003,1.00345426,-0.19709527
2022-01-14,11563.16984619,13000.00000000,0.00000000,-0.00154684,1.00190208,-0.19833723
2022-01-17,11550.12353848,13000.00000000,0.00000000,-0.00112826,1.00077167,-0.19924172
2022-01-18,11541.81224609,13000.00000000,0.00000000,-0.00071958,1.00005153,-0.19981793
2022-01-19,11538.05015541,13000.00000000,0.00000000,-0.00032595,0.99972556,-0.20007875
2022-01-20,11538.60020984,13000.00000000,0.00000000,0.00004767,0.99977322,-0.20004062
2022-01-21,11543.17561012,13000.00000000,0.00000000,0.00039653,1.00016966,-0.19972341
2022-01-24,11551.44293047,13000.00000000,0.00000000,0.00071621,1.00088599,-0.19915025
2022-01-25,11563.02465767,13000.00000000,0.00000000,0.00100262,1.00188950,-0.19834730
2022-01-26,11577.50265341,13000.00000000,0.00000000,0.00125209,1.00314396,-0.19734355
2022-01-27,11594.42253995,13000.00000000,0.00000000,0.00146145,1.00461000,-0.19617051
2022-01-28,11613.29739333,13000.00000000,0.00000000,0.00162793,1.00624543,-0.19486194
2022-01-31,11633.61339855,13000.00000000,0.00000000,0.00174937,1.00800573,-0.19345345
2022-02-01,12654.83492769,14000.00000000,1000.00000000,0.00182416,1.00984449,-0.19198218
2022-02-02,12678.26200774,14000.00000000,0.00000000,0.00185124,1.01171395,-0.19048635
2022-02-03,12701.46502512,14000.00000000,0.00000000,0.00183014,1.01356553,-0.18900483
2022-02-04,12723.83294541,14000.00000000,0.00000000,0.00176105,1.01535047,-0.18757662
2022-02-07,12744.75962144,14000.00000000,0.00000000,0.00164468,1.01702040,-0.18624045
2022-02-08,12763.65231475,14000.00000000,0.00000000,0.00148239,1.01852802,-0.18503414
2022-02-09,12779.93959033,14000.00000000,0.00000000,0.00127607,1.01982773,-0.18399419
2022-02-10,12793.07933684,14000.00000000,0.00000000,0.00102815,1.02087627,-0.18315521
2022-02-11,12802.56703734,14000.00000000,0.00000000,0.00074163,1.02163338,-0.18254941
2022-02-14,12807.94303754,14000.00000000,0.00000000,0.00041992,1.02206238,-0.18220615
2022-02-15,12808.80006471,14000.00000000,0.00000000,0.00006691,1.02213077,-0.18215143
2022-02-16,12804.78874148,14000.00000000,0.00000000,-0.00031317,1.02181067,-0.18240755
2022-02-17,12795.62422757,14000.00000000,0.00000000,-0.00071571,1.02107935,-0.18299271
2022-02-18,12781.08997918,14000.00000000,0.00000000,-0.00113588,1.01991953,-0.18392073
2022-02-21,12761.04175912,14000.00000000,0.00000000,-0.00156858,1.01831970,-0.18520082
2022-02-22,12735.40926584,14000.00000000,0.00000000,-0.00200865,1.01627425,-0.18683747
2022-02-23,12704.19763725,14000.00000000,0.00000000,-0.00245078,1.01378359,-0.18883035
2022-02-24,12667.48720005,14000.00000000,0.00000000,-0.00288963,1.01085413,-0.19117433
2022-02-25,12625.43146475,14000.00000000,0.00000000,-0.00331997,1.00749812,-0.19385961
2022-02-28,12578.25436870,14000.00000000,0.00000000,-0.00373667,1.00373343,-0.19687189
2022-03-01,13526.24664197,15000.00000000,1000.00000000,-0.00413473,0.99958326,-0.20019261
2022-03-02,13465.25071896,15000.00000000,0.00000000,-0.00450945,0.99507569,-0.20379930
2022-03-03,13399.85869216,15000.00000000,0.00000000,-0.00485635,0.99024325,-0.20766594
2022-03-04,13330.56285160,15000.00000000,0.00000000,-0.00517139,0.98512232,-0.21176340
2022-03-07,13257.90000718,15000.00000000,0.00000000,-0.00545085,0.97975257,-0.21605996
2022-03-08,13182.44309895,15000.00000000,0.00000000,-0.00569147,0.97417634,-0.22052173
2022-03-09,13104.79199543,15000.00000000,0.00000000,-0.00589049,0.96843796,-0.22511324
2022-03-10,13025.56510379,15000.00000000,0.00000000,-0.00604564,0.96258313,-0.22979793
2022-03-11,12945.38989758,15000.00000000,0.00000000,-0.00615522,0.95665822,-0.23453869
2022-03-14,12864.89506823,15000.00000000,0.00000000,-0.00621803,0.95070969,-0.23929835
2022-03-15,12784.70172929,15000.00000000,0.00000000,-0.00623350,0.94478344,-0.24404019
2022-03-16,12705.41597395,15000.00000000,0.00000000,-0.00620161,0.93892426,-0.24872836
2022-03-17,12627.62170307,15000.00000000,0.00000000,-0.00612292,0.93317530,-0.25332833
2022-03-18,12551.87399461,15000.00000000,0.00000000,-0.00599857,0.92757758,-0.25780730
2022-03-21,12478.69314960,15000.00000000,0.00000000,-0.00583027,0.92216955,-0.26213448
2022-03-22,12408.55968530,15000.00000000,0.00000000,-0.00562026,0.91698672,-0.26628148
2022-03-23,12341.91027566,15000.00000000,0.00000000,-0.00537124,0.91206136,-0.27022246
2022-03-24,12279.13315050,15000.00000000,0.00000000,-0.00508650,0.90742216,-0.27393447
2022-03-25,12220.56579505,15000.00000000,0.00000000,-0.00476967,0.90309406,-0.27739756
2022-03-28,12166.49183764,15000.00000000,0.00000000,-0.00442483,0.89909802,-0.28059496
2022-03-29,12117.13969650,15000.00000000,0.00000000,-0.00405640,0.89545092,-0.28351315
2022-03-30,12072.68109127,15000.00000000,0.00000000,-0.00366907,0.89216545,-0.28614199
2022-03-31,12033.22996042,15000.00000000,0.00000000,-0.00326780,0.88925003,-0.28847474
2022-04-01,12998.84246128,16000.00000000,1000.00000000,-0.00285771,0.88670881,-0.29050807
2022-04-04,12967.07250354,16000.00000000,0.00000000,-0.00244406,0.88454164,-0.29224211
2022-04-05,12940.72192591,16000.00000000,0.00000000,-0.00203211,0.88274415,-0.29368036
2022-04-06,12919.66524176,16000.00000000,0.00000000,-0.00162716,0.88130778,-0.29482965
2022-04-07,12903.71729969,16000.00000000,0.00000000,-0.00123439,0.88021990,-0.29570011
2022-04-08,12892.63474947,16000.00000000,0.00000000,-0.00085886,0.87946391,-0.29630501
2022-04-11,12886.11838762,16000.00000000,0.00000000,-0.00050543,0.87901940,-0.29666068
2022-04-12,12883.81667568,16000.00000000,0.00000000,-0.00017862,0.87886239,-0.29678631
2022-04-13,12885.32749940,16000.00000000,0.00000000,0.00011727,0.87896545,-0.29670385
2022-04-14,12890.20344621,16000.00000000,0.00000000,0.00037841,0.87929806,-0.29643771
2022-04-15,12897.95517693,16000.00000000,0.00000000,0.00060137,0.87982684,-0.29601462
2022-04-18,12908.05626345,16000.00000000,0.00000000,0.00078315,0.88051588,-0.29546329
2022-04-19,12919.94934581,16000.00000000,0.00000000,0.00092137,0.88132716,-0.29481415
2022-04-20,12933.05140967,16000.00000000,0.00000000,0.00101410,0.88222091,-0.29409902
2022-04-21,12946.76052971,16000.00000000,0.00000000,0.00106001,0.88315607,-0.29335076
2022-04-22,12960.46275971,16000.00000000,0.00000000,0.00105835,0.88409076,-0.29260288
2022-04-25,12973.53990216,16000.00000000,0.00000000,0.00100900,0.88498281,-0.29188911
2022-04-26,12985.37698465,16000.00000000,0.00000000,0.00091240,0.88579027,-0.29124303
2022-04-27,12995.37061593,16000.00000000,0.00000000,0.00076961,0.88647198,-0.29069757
2022-04-28,13002.93719524,16000.00000000,0.00000000,0.00058225,0.88698813,-0.29028457
2022-04-29,13007.52068199,16000.00000000,0.00000000,0.00035250,0.88730079,-0.29003440
2022-05-02,14008.60153812,17000.00000000,1000.00000000,0.00008309,0.88737452,-0.28997541
2022-05-03,14005.48116435,17000.00000000,0.00000000,-0.00022275,0.88717686,-0.29013356
2022-05-04,13997.61913588,17000.00000000,0.00000000,-0.00056135,0.88667884,-0.29053205
2022-05-05,13984.62031483,17000.00000000,0.00000000,-0.00092865,0.88585543,-0.29119089
2022-05-06,13966.15807702,17000.00000000,0.00000000,-0.00132018,0.88468594,-0.29212665
2022-05-09,13941.97999517,17000.00000000,0.00000000,-0.00173119,0.88315438,-0.29335211
2022-05-10,13911.91131194,17000.00000000,0.00000000,-0.00215670,0.88124968,-0.29487614
2022-05-11,13875.85793936,17000.00000000,0.00000000,-0.00259155,0.87896588,-0.29670350
2022-05-12,13833.80803749,17000.00000000,0.00000000,-0.00303044,0.87630223,-0.29883480
2022-05-13,13785.83217231,17000.00000000,0.00000000,-0.00346802,0.87326320,-0.30126645
2022-05-16,13732.08173705,17000.00000000,0.00000000,-0.00389896,0.86985838,-0.30399079
2022-05-17,13672.78595273,17000.00000000,0.00000000,-0.00431805,0.86610229,-0.30699619
2022-05-18,13608.24839512,17000.00000000,0.00000000,-0.00472015,0.86201416,-0.31026727
2022-05-19,13538.84146945,17000.00000000,0.00000000,-0.00510036,0.85761758,-0.31378515
2022-05-20,13464.99978004,17000.00000000,0.00000000,-0.00545406,0.85294008,-0.31752781
2022-05-23,13387.21365781,17000.00000000,0.00000000,-0.00577691,0.84801272,-0.32147039
2022-05-24,13306.02047767,17000.00000000,0.00000000,-0.00606498,0.84286954,-0.32558566
2022-05-25,13221.99644947,17000.00000000,0.00000000,-0.00631474,0.83754704,-0.32984441
2022-05-26,13135.74825119,17000.00000000,0.00000000,-0.00652308,0.83208365,-0.33421589
2022-05-27,13047.90324116,17000.00000000,0.00000000,-0.00668748,0.82651911,-0.33866831
2022-05-30,12959.10140703,17000.00000000,0.00000000,-0.00680583,0.82089396,-0.34316922
2022-05-31,12869.98620944,17000.00000000,0.00000000,-0.00687665,0.81524896,-0.34768601
2022-06-01,13781.19621523,18000.00000000,1000.00000000,-0.00689900,0.80962456,-0.35218633
2022-06-02,13686.48468532,18000.00000000,0.00000000,-0.00687252,0.80406040,-0.35663844
2022-06-03,13593.45200688,18000.00000000,0.00000000,-0.00679741,0.79859487,-0.36101163
2022-06-06,13502.72287674,18000.00000000,0.00000000,-0.00667447,0.79326467,-0.36527654
2022-06-07,13414.88641637,18000.00000000,0.00000000,-0.00650509,0.78810441,-0.36940548
2022-06-08,13330.49157597,18000.00000000,0.00000000,-0.00629113,0.78314634,-0.37337263
2022-06-09,13250.04066629,18000.00000000,0.00000000,-0.00603510,0.77841997,-0.37715439
2022-06-10,13173.98697550,18000.00000000,0.00000000,-0.00573988,0.77395193,-0.38072945
2022-06-13,13102.72983299,18000.00000000,0.00000000,-0.00540893,0.76976568,-0.38407904
2022-06-14,13036.61307733,18000.00000000,0.00000000,-0.00504603,0.76588142,-0.38718700
2022-06-15,12975.92199242,18000.00000000,0.00000000,-0.00465543,0.76231591,-0.39003991
2022-06-16,12920.88296703,18000.00000000,0.00000000,-0.00424163,0.75908245,-0.39262713
2022-06-17,12871.66128198,18000.00000000,0.00000000,-0.00380947,0.75619075,-0.39494090
2022-06-20,12828.36179103,18000.00000000,0.00000000,-0.00336394,0.75364697,-0.39697628
2022-06-21,12791.02823998,18000.00000000,0.00000000,-0.00291024,0.75145368,-0.39873122
2022-06-22,12759.64411775,18000.00000000,0.00000000,-0.00245360,0.74960991,-0.40020650
2022-06-23,12734.13299688,18000.00000000,0.00000000,-0.00199936,0.74811117,-0.40140570
2022-06-24,12714.36074625,18000.00000000,0.00000000,-0.00155270,0.74694958,-0.40233514
2022-06-27,12700.13587162,18000.00000000,0.00000000,-0.00111880,0.74611389,-0.40300381
2022-06-28,12691.21240924,18000.00000000,0.00000000,-0.00070263,0.74558965,-0.40342327
2022-06-29,12687.29213871,18000.00000000,0.00000000,-0.00030890,0.74535934,-0.40360755
2022-06-30,12688.02696603,18000.00000000,0.00000000,0.00005792,0.74540251,-0.40357301
2022-07-01,13693.02300876,19000.00000000,1000.00000000,0.00039376,0.74569602,-0.40333816
2022-07-04,13702.53839761,19000.00000000,0.00000000,0.00069491,0.74621421,-0.40292354
2022-07-05,13715.66720667,19000.00000000,0.00000000,0.00095813,0.74692918,-0.40235146
2022-07-06,13731.86094085,19000.00000000,0.00000000,0.00118067,0.74781106,-0.40164583
2022-07-07,13750.54025568,19000.00000000,0.00000000,0.00136029,0.74882830,-0.40083190
2022-07-08,13771.10156785,19000.00000000,0.00000000,0.00149531,0.74994803,-0.39993596
2022-07-11,13792.92403309,19000.00000000,0.00000000,0.00158466,0.75113644,-0.39898506
2022-07-12,13815.37578947,19000.00000000,0.00000000,0.00162777,0.75235912,-0.39800674
2022-07-13,13837.82277153,19000.00000000,0.00000000,0.00162478,0.75358154,-0.39702864
2022-07-14,13859.63605540,19000.00000000,0.00000000,0.00157635,0.75476945,-0.39607814
2022-07-15,13880.19993836,19000.00000000,0.00000000,0.00148372,0.75588932,-0.39518209
2022-07-18,13898.92130386,19000.00000000,0.00000000,0.00134878,0.75690885,-0.39436632
2022-07-19,13915.23641577,19000.00000000,0.00000000,0.00117384,0.75779734,-0.39365540
2022-07-20,13928.62101781,19000.00000000,0.00000000,0.00096187,0.75852624,-0.39307218
2022-07-21,13938.59639332,19000.00000000,0.00000000,0.00071618,0.75906948,-0.39263751
2022-07-22,13944.73817936,19000.00000000,0.00000000,0.00044063,0.75940395,-0.39236989
2022-07-25,13946.68169189,19000.00000000,0.00000000,0.00013937,0.75950979,-0.39228520
2022-07-26,13944.12890361,19000.00000000,0.00000000,-0.00018304,0.75937077,-0.39239644
2022-07-27,13936.85321830,19000.00000000,0.00000000,-0.00052177,0.75897455,-0.39271347
2022-07-28,13924.70204159,19000.00000000,0.00000000,-0.00087187,0.75831282,-0.39324295
2022-07-29,13907.60100436,19000.00000000,0.00000000,-0.00122811,0.75738153,-0.39398811
2022-08-01,14885.55377917,20000.00000000,1000.00000000,-0.00158526,0.75618088,-0.39494880
2022-08-02,14856.70535046,20000.00000000,0.00000000,-0.00193802,0.75471539,-0.39612140
2022-08-03,14822.81495760,20000.00000000,0.00000000,-0.00228115,0.75299377,-0.39749893
2022-08-04,14784.13417714,20000.00000000,0.00000000,-0.00260954,0.75102880,-0.39907119
2022-08-05,14740.99057041,20000.00000000,0.00000000,-0.00291824,0.74883712,-0.40082484
2022-08-08,14693.78295907,20000.00000000,0.00000000,-0.00320247,0.74643899,-0.40274368
2022-08-09,14642.97394476,20000.00000000,0.00000000,-0.00345786,0.74385791,-0.40480891
2022-08-10,14589.08400355,20000.00000000,0.00000000,-0.00368026,0.74112032,-0.40699937
2022-08-11,14532.68262757,20000.00000000,0.00000000,-0.00386600,0.73825515,-0.40929191
2022-08-12,14474.38005728,20000.00000000,0.00000000,-0.00401182,0.73529340,-0.41166172
2022-08-15,14414.81940739,20000.00000000,0.00000000,-0.00411490,0.73226774,-0.41408268
2022-08-16,14354.66623370,20000.00000000,0.00000000,-0.00417301,0.72921198,-0.41652772
2022-08-17,14294.60105275,20000.00000000,0.00000000,-0.00418437,0.72616069,-0.41896918
2022-08-18,14235.30949922,20000.00000000,0.00000000,-0.00414783,0.72314870,-0.42137919
2022-08-19,14177.47504242,20000.00000000,0.00000000,-0.00406275,0.72021073,-0.42372998
2022-08-22,14121.76953741,20000.00000000,0.00000000,-0.00392916,0.71738091,-0.42599424
2022-08-23,14068.84731945,20000.00000000,0.00000000,-0.00374756,0.71469248,-0.42814536
2022-08-24,14019.33732992,20000.00000000,0.00000000,-0.00351912,0.71217739,-0.43015779
2022-08-25,13973.83701390,20000.00000000,0.00000000,-0.00324554,0.70986599,-0.43200723
2022-08-26,13932.90700522,20000.00000000,0.00000000,-0.00292905,0.70778676,-0.43367091
2022-08-29,13897.06581141,20000.00000000,0.00000000,-0.00257241,0.70596604,-0.43512774
2022-08-30,13866.78548299,20000.00000000,0.00000000,-0.00217890,0.70442781,-0.43635854
2022-08-31,13842.48807014,20000.00000000,0.00000000,-0.00175220,0.70319351,-0.43734616
2022-09-01,14824.54247306,21000.00000000,1000.00000000,-0.00129641,0.70228188,-0.43807559
2022-09-02,14812.44547783,21000.00000000,0.00000000,-0.00081601,0.70170881,-0.43853413
2022-09-05,14807.76833327,21000.00000000,0.00000000,-0.00031576,0.70148724,-0.43871141
2022-09-06,14810.72001953,21000.00000000,0.00000000,0.00019933,0.70162707,-0.43859953
2022-09-07,14821.44344525,21000.00000000,0.00000000,0.00072403,0.70213507,-0.43819306
2022-09-08,14840.01502540,21000.00000000,0.00000000,0.00125302,0.70301486,-0.43748910
2022-09-09,14866.44425907,21000.00000000,0.00000000,0.00178094,0.70426689,-0.43648730
2022-09-12,14900.67204078,21000.00000000,0.00000000,0.00230235,0.70588836,-0.43518990
2022-09-13,14942.57234915,21000.00000000,0.00000000,0.00281197,0.70787330,-0.43360166
2022-09-14,14991.95182478,21000.00000000,0.00000000,0.00330462,0.71021255,-0.43172994
2022-09-15,15048.55103676,21000.00000000,0.00000000,0.00377531,0.71289382,-0.42958454
2022-09-16,15112.04532705,21000.00000000,0.00000000,0.00421930,0.71590173,-0.42717779
2022-09-19,15182.04776573,21000.00000000,0.00000000,0.00463223,0.71921795,-0.42452435
2022-09-20,15258.11083976,21000.00000000,0.00000000,0.00501007,0.72282128,-0.42164118
2022-09-21,15339.72983042,21000.00000000,0.00000000,0.00534922,0.72668781,-0.41854741
2022-09-22,15426.34661297,21000.00000000,0.00000000,0.00564657,0.73079110,-0.41526420
2022-09-23,15517.35387842,21000.00000000,0.00000000,0.00589947,0.73510238,-0.41181457
2022-09-26,15612.10146631,21000.00000000,0.00000000,0.00610591,0.73959085,-0.40822316
2022-09-27,15709.90143090,21000.00000000,0.00000000,0.00626437,0.74422392,-0.40451605
2022-09-28,15810.03500713,21000.00000000,0.00000000,0.00637391,0.74896754,-0.40072049
2022-09-29,15911.76105430,21000.00000000,0.00000000,0.00643427,0.75378660,-0.39686456
2022-09-30,16014.32365533,21000.00000000,0.00000000,0.00644571,0.75864529,-0.39297692
2022-10-03,17116.96182696,22000.00000000,1000.00000000,0.00640915,0.76350756,-0.38908642
2022-10-04,17225.24465058,22000.00000000,0.00000000,0.00632605,0.76833755,-0.38522175
2022-10-05,17332.01465018,22000.00000000,0.00000000,0.00619846,0.77310006,-0.38141107
2022-10-06,17436.50891226,22000.00000000,0.00000000,0.00602897,0.77776106,-0.37768161
2022-10-07,17538.00129026,22000.00000000,0.00000000,0.00582068,0.78228816,-0.37405930
2022-10-10,17635.81316558,22000.00000000,0.00000000,0.00557714,0.78665109,-0.37056834
2022-10-11,17729.32443281,22000.00000000,0.00000000,0.00530235,0.79082219,-0.36723087
2022-10-12,17817.98224310,22000.00000000,0.00000000,0.00500063,0.79477680,-0.36406663
2022-10-13,17901.31086844,22000.00000000,0.00000000,0.00467666,0.79849370,-0.36109258
2022-10-14,17978.91932409,22000.00000000,0.00000000,0.00433535,0.80195545,-0.35832269
2022-10-17,18050.50854257,22000.00000000,0.00000000,0.00398184,0.80514871,-0.35576764
2022-10-18,18115.87540910,22000.00000000,0.00000000,0.00362133,0.80806442,-0.35343466
2022-10-19,18174.91746953,22000.00000000,0.00000000,0.00325913,0.81069801,-0.35132742
2022-10-20,18227.63494805,22000.00000000,0.00000000,0.00290056,0.81304949,-0.34944590
2022-10-21,18274.13007463,22000.00000000,0.00000000,0.00255080,0.81512342,-0.34778646
2022-10-24,18314.60708498,22000.00000000,0.00000000,0.00221499,0.81692891,-0.34634182
2022-10-25,18349.36818521,22000.00000000,0.00000000,0.00189800,0.81847944,-0.34510118
2022-10-26,18378.80906804,22000.00000000,0.00000000,0.00160446,0.81979266,-0.34405041
2022-10-27,18403.41330806,22000.00000000,0.00000000,0.00133873,0.82089014,-0.34317228
2022-10-28,18423.74451518,22000.00000000,0.00000000,0.00110475,0.82179702,-0.34244664
2022-10-31,18440.43759125,22000.00000000,0.00000000,0.00090606,0.82254162,-0.34185086
2022-11-01,19454.18998670,23000.00000000,1000.00000000,0.00074577,0.82315505,-0.34136003
2022-11-02,19466.37764349,23000.00000000,0.00000000,0.00062648,0.82367074,-0.34094740
2022-11-03,19477.08914010,23000.00000000,0.00000000,0.00055026,0.82412397,-0.34058476
2022-11-04,19487.19065121,23000.00000000,0.00000000,0.00051864,0.82455139,-0.34024276
2022-11-07,19497.56914915,23000.00000000,0.00000000,0.00053258,0.82499053,-0.33989139
2022-11-08,19509.12082338,23000.00000000,0.00000000,0.00059247,0.82547931,-0.33950029
2022-11-09,19522.74020902,23000.00000000,0.00000000,0.00069810,0.82605558,-0.33903920
2022-11-10,19539.30931531,23000.00000000,0.00000000,0.00084871,0.82675666,-0.33847823
2022-11-11,19559.68722682,23000.00000000,0.00000000,0.00104292,0.82761890,-0.33778832
2022-11-14,19584.70088633,23000.00000000,0.00000000,0.00127884,0.82867729,-0.33694146
2022-11-15,19615.13611396,23000.00000000,0.00000000,0.00155403,0.82996508,-0.33591105
2022-11-16,19651.72862644,23000.00000000,0.00000000,0.00186552,0.83151340,-0.33467217
2022-11-17,19695.15741964,23000.00000000,0.00000000,0.00220992,0.83335098,-0.33320185
2022-11-18,19746.03767846,23000.00000000,0.00000000,0.00258339,0.83550385,-0.33147925
2022-11-21,19804.91392309,23000.00000000,0.00000000,0.00298167,0.83799505,-0.32948594
2022-11-22,19872.25480958,23000.00000000,0.00000000,0.00340021,0.84084441,-0.32720605
2022-11-23,19948.44887575,23000.00000000,0.00000000,0.00383419,0.84406837,-0.32462643
2022-11-24,20033.79910550,23000.00000000,0.00000000,0.00427854,0.84767975,-0.32173681
2022-11-25,20128.51985637,23000.00000000,0.00000000,0.00472805,0.85168762,-0.31852995
2022-11-28,20232.73307821,23000.00000000,0.00000000,0.00517739,0.85609714,-0.31500172
2022-11-29,20346.46618608,23000.00000000,0.00000000,0.00562124,0.86090947,-0.31115118
2022-11-30,20469.65040596,23000.00000000,0.00000000,0.00605433,0.86612170,-0.30698066
2022-12-01,21602.11841133,24000.00000000,1000.00000000,0.00647143,0.87172675,-0.30249583
2022-12-02,21750.47186512,24000.00000000,0.00000000,0.00686754,0.87771337,-0.29770569
2022-12-05,21907.89882234,24000.00000000,0.00000000,0.00723786,0.88406614,-0.29262258
2022-12-06,22073.91456982,24000.00000000,0.00000000,0.00757789,0.89076550,-0.28726215
2022-12-07,22247.93403200,24000.00000000,0.00000000,0.00788349,0.89778784,-0.28164329
2022-12-08,22429.27524026,24000.00000000,0.00000000,0.00815092,0.90510564,-0.27578802
2022-12-09,22617.16280219,24000.00000000,0.00000000,0.00837689,0.91268761,-0.26972137
2022-12-12,22810.73360126,24000.00000000,0.00000000,0.00855858,0.92049892,-0.26347122
2022-12-13,23009.04447881,24000.00000000,0.00000000,0.00869375,0.92850151,-0.25706802
2022-12-14,23211.07917272,24000.00000000,0.00000000,0.00878066,0.93665437,-0.25054459
2022-12-15,23415.75971659,24000.00000000,0.00000000,0.00881823,0.94491400,-0.24393572
2022-12-16,23621.95635206,24000.00000000,0.00000000,0.00880589,0.95323481,-0.23727790
2022-12-19,23828.50016705,24000.00000000,0.00000000,0.00874372,0.96156963,-0.23060887
2022-12-20,24034.19746866,24000.00000000,0.00000000,0.00863241,0.96987029,-0.22396717
2022-12-21,24237.84440382,24000.00000000,0.00000000,0.00847322,0.97808821,-0.21739168
2022-12-22,24438.24306688,24000.00000000,0.00000000,0.00826801,0.98617505,-0.21092107
2022-12-23,24634.21785494,24000.00000000,0.00000000,0.00801918,0.99408337,-0.20459330
2022-12-26,24824.63207100,24000.00000000,0.00000000,0.00772966,1.00176730,-0.19844507
2022-12-27,25008.40576620,24000.00000000,0.00000000,0.00740288,1.00918326,-0.19251126
2022-12-28,25184.53234295,24000.00000000,0.00000000,0.00704270,1.01629063,-0.18682436
2022-12-29,25352.09416684,24000.00000000,0.00000000,0.00665336,1.02305238,-0.18141401
2022-12-30,25510.27817863,24000.00000000,0.00000000,0.00623949,1.02943570,-0.17630646
2023-01-02,26658.38977145,25000.00000000,1000.00000000,0.00580596,1.03541256,-0.17152413
2023-01-03,26801.22180653,25000.00000000,0.00000000,0.00535786,1.04096016,-0.16708527
2023-01-04,26932.56105846,25000.00000000,0.00000000,0.00490049,1.04606138,-0.16300357
2023-01-05,27052.12019479,25000.00000000,0.00000000,0.00443920,1.05070506,-0.15928797
2023-01-06,27159.77073980,25000.00000000,0.00000000,0.00397938,1.05488621,-0.15594246
2023-01-09,27255.54642158,25000.00000000,0.00000000,0.00352638,1.05860614,-0.15296600
2023-01-10,27339.64188471,25000.00000000,0.00000000,0.00308544,1.06187241,-0.15035252
2023-01-11,27412.41088795,25000.00000000,0.00000000,0.00266167,1.06469876,-0.14809104
2023-01-12,27474.35986762,25000.00000000,0.00000000,0.00225989,1.06710486,-0.14616582
2023-01-13,27526.14047106,25000.00000000,0.00000000,0.00188469,1.06911602,-0.14455661
2023-01-16,27568.53874307,25000.00000000,0.00000000,0.00154029,1.07076277,-0.14323898
2023-01-17,27602.46251000,25000.00000000,0.00000000,0.00123052,1.07208037,-0.14218471
2023-01-18,27628.92747662,25000.00000000,0.00000000,0.00095879,1.07310827,-0.14136225
2023-01-19,27649.04177814,25000.00000000,0.00000000,0.00072802,1.07388951,-0.14073715
2023-01-20,27663.98898738,25000.00000000,0.00000000,0.00054060,1.07447006,-0.14027263
2023-01-23,27675.01163697,25000.00000000,0.00000000,0.00039845,1.07489818,-0.13993007
2023-01-24,27683.39242429,25000.00000000,0.00000000,0.00030283,1.07522369,-0.13966962
2023-01-25,27690.43824856,25000.00000000,0.00000000,0.00025451,1.07549735,-0.13945065
2023-01-26,27697.46115832,25000.00000000,0.00000000,0.00025362,1.07577012,-0.13923240
2023-01-27,27705.76393334,25000.00000000,0.00000000,0.00029977,1.07609260,-0.13897437
2023-01-30,27716.62206193,25000.00000000,0.00000000,0.00039191,1.07651433,-0.13863692
2023-01-31,27731.26932286,25000.00000000,0.00000000,0.00052846,1.07708323,-0.13818172
2023-02-01,28750.88413965,26000.00000000,1000.00000000,0.00070732,1.07784507,-0.13757214
2023-02-02,28777.50253600,26000.00000000,0.00000000,0.00092583,1.07884297,-0.13677368
2023-02-03,28811.48413722,26000.00000000,0.00000000,0.00118084,1.08011691,-0.13575435
2023-02-06,28853.80175912,26000.00000000,0.00000000,0.00146878,1.08170336,-0.13448497
2023-02-07,28905.32365385,26000.00000000,0.00000000,0.00178562,1.08363487,-0.13293949
2023-02-08,28966.80577424,26000.00000000,0.00000000,0.00212702,1.08593978,-0.13109523
2023-02-09,29038.88323808,26000.00000000,0.00000000,0.00248828,1.08864190,-0.12893316
2023-02-10,29122.06525988,26000.00000000,0.00000000,0.00286450,1.09176032,-0.12643798
2023-02-13,29216.72821563,26000.00000000,0.00000000,0.00325056,1.09530915,-0.12359842
2023-02-14,29323.11190828,26000.00000000,0.00000000,0.00364119,1.09929738,-0.12040727
2023-02-15,29441.31663363,26000.00000000,0.00000000,0.00403111,1.10372877,-0.11686154
2023-02-16,29571.29944587,26000.00000000,0.00000000,0.00441498,1.10860171,-0.11296250
2023-02-17,29712.87442435,26000.00000000,0.00000000,0.00478758,1.11390923,-0.10871574
2023-02-20,29865.71107309,26000.00000000,0.00000000,0.00514379,1.11963894,-0.10413116
2023-02-21,30029.33565453,26000.00000000,0.00000000,0.00547868,1.12577308,-0.09922298
2023-02-22,30203.13359020,26000.00000000,0.00000000,0.00578761,1.13228861,-0.09400964
2023-02-23,30386.35266167,26000.00000000,0.00000000,0.00606623,1.13915733,-0.08851370
2023-02-24,30578.10834540,26000.00000000,0.00000000,0.00631059,1.14634608,-0.08276169
2023-02-27,30777.38941443,26000.00000000,0.00000000,0.00651712,1.15381695,-0.07678394
2023-02-28,30983.06754109,26000.00000000,0.00000000,0.00668277,1.16152764,-0.07061430
2023-03-01,32193.90583287,27000.00000000,1000.00000000,0.00680495,1.16943178,-0.06428988
2023-03-02,32415.45301919,27000.00000000,0.00000000,0.00688165,1.17747940,-0.05785065
2023-03-03,32639.48942551,27000.00000000,0.00000000,0.00691141,1.18561744,-0.05133907
2023-03-06,32864.48496061,27000.00000000,0.00000000,0.00689335,1.19379032,-0.04479961
2023-03-07,33088.85722718,27000.00000000,0.00000000,0.00682720,1.20194056,-0.03827827
2023-03-08,33310.99216894,27000.00000000,0.00000000,0.00671329,1.21000953,-0.03182196
2023-03-09,33529.26334135,27000.00000000,0.00000000,0.00655253,1.21793815,-0.02547795
2023-03-10,33742.05476105,27000.00000000,0.00000000,0.00634644,1.22566772,-0.01929320
2023-03-13,33947.78320484,27000.00000000,0.00000000,0.00609709,1.23314073,-0.01331374
2023-03-14,34144.92133449,27000.00000000,0.00000000,0.00580710,1.24030170,-0.00758396
2023-03-15,34332.02164735,27000.00000000,0.00000000,0.00547959,1.24709805,-0.00214592
2023-03-16,34507.73822476,27000.00000000,0.00000000,0.00511815,1.25348089,0.00000000
2023-03-17,34670.84848037,27000.00000000,0.00000000,0.00472677,1.25940581,0.00000000
2023-03-20,34820.27490840,27000.00000000,0.00000000,0.00430986,1.26483367,0.00000000
2023-03-21,34955.10187674,27000.00000000,0.00000000,0.00387208,1.26973121,0.00000000
2023-03-22,35074.59186930,27000.00000000,0.00000000,0.00341838,1.27407164,0.00000000
2023-03-23,35178.19952612,27000.00000000,0.00000000,0.00295392,1.27783515,0.00000000
2023-03-24,35265.58045280,27000.00000000,0.00000000,0.00248395,1.28100923,0.00000000
2023-03-27,35336.59892876,27000.00000000,0.00000000,0.00201382,1.28358895,0.00000000
2023-03-28,35391.32955903,27000.00000000,0.00000000,0.00154884,1.28557702,0.00000000
2023-03-29,35430.05727422,27000.00000000,0.00000000,0.00109427,1.28698379,0.00000000
2023-03-30,35453.27347642,27000.00000000,0.00000000,0.00065527,1.28782711,0.00000000
2023-03-31,35461.66695445,27000.00000000,0.00000000,0.00023675,1.28813200,0.00000000
2023-04-03,36456.11342261,28000.00000000,1000.00000000,-0.00015661,1.28793027,-0.00015661
2023-04-04,36437.14049816,28000.00000000,0.00000000,-0.00052043,1.28725999,-0.00067696
2023-04-05,36406.14319837,28000.00000000,0.00000000,-0.00085071,1.28616491,-0.00152709
2023-04-06,36364.50030696,28000.00000000,0.00000000,-0.00114384,1.28469374,-0.00266918
2023-04-07,36313.71005882,28000.00000000,0.00000000,-0.00139670,1.28289941,-0.00406215
2023-04-10,36255.36749527,28000.00000000,0.00000000,-0.00160663,1.28083827,-0.00566225
2023-04-11,36191.14125315,28000.00000000,0.00000000,-0.00177150,1.27856927,-0.00742372
2023-04-12,36122.74978779,28000.00000000,0.00000000,-0.00188973,1.27615312,-0.00929942
2023-04-13,36051.93844520,28000.00000000,0.00000000,-0.00196030,1.27365148,-0.01124149
2023-04-14,35980.45483586,28000.00000000,0.00000000,-0.00198280,1.27112609,-0.01320199
2023-04-17,35910.02902056,28000.00000000,0.00000000,-0.00195734,1.26863807,-0.01513349
2023-04-18,35842.35058254,28000.00000000,0.00000000,-0.00188467,1.26624711,-0.01698963
2023-04-19,35779.04966253,28000.00000000,0.00000000,-0.00176609,1.26401080,-0.01872572
2023-04-20,35721.67940899,28000.00000000,0.00000000,-0.00160346,1.26198401,-0.02029915
2023-04-21,35671.69871155,28000.00000000,0.00000000,-0.00139917,1.26021828,-0.02166992
2023-04-24,35630.45776488,28000.00000000,0.00000000,-0.00115613,1.25876131,-0.02280099
2023-04-25,35599.18504802,28000.00000000,0.00000000,-0.00087770,1.25765650,-0.02365868
2023-04-26,35578.97571888,28000.00000000,0.00000000,-0.00056769,1.25694254,-0.02421294
2023-04-27,35570.78170717,28000.00000000,0.00000000,-0.00023030,1.25665306,-0.02443767
2023-04-28,35575.40350568,28000.00000000,0.00000000,0.00012993,1.25681634,-0.02431091
2023-05-01,36593.48281070,29000.00000000,1000.00000000,0.00050820,1.25745505,-0.02381507
2023-05-02,36626.39716964,29000.00000000,0.00000000,0.00089946,1.25858608,-0.02293703
2023-05-03,36673.95730227,29000.00000000,0.00000000,0.00129852,1.26022038,-0.02166829
2023-05-04,36736.30580461,29000.00000000,0.00000000,0.00170008,1.26236285,-0.02000505
2023-05-05,36813.40717314,29000.00000000,0.00000000,0.00209878,1.26501227,-0.01794826
2023-05-08,36905.04867793,29000.00000000,0.00000000,0.00248935,1.26816133,-0.01550359
2023-05-09,37010.83890748,29000.00000000,0.00000000,0.00286655,1.27179658,-0.01268148
2023-05-10,37130.21184296,29000.00000000,0.00000000,0.00322535,1.27589857,-0.00949703
2023-05-11,37262.43035033,29000.00000000,0.00000000,0.00356094,1.28044197,-0.00596991
2023-05-12,37406.58938149,29000.00000000,0.00000000,0.00386875,1.28539568,-0.00212425
2023-05-15,37561.62557766,29000.00000000,0.00000000,0.00414462,1.29072316,0.00000000
2023-05-16,37726.32367166,29000.00000000,0.00000000,0.00438474,1.29638265,0.00000000
2023-05-17,37899.32696438,29000.00000000,0.00000000,0.00458574,1.30232753,0.00000000
2023-05-18,38079.15100230,29000.00000000,0.00000000,0.00474478,1.30850679,0.00000000
2023-05-19,38264.19725511,29000.00000000,0.00000000,0.00485952,1.31486550,0.00000000
2023-05-22,38452.76795733,29000.00000000,0.00000000,0.00492812,1.32134532,0.00000000
2023-05-23,38643.08735218,29000.00000000,0.00000000,0.00494943,1.32788523,0.00000000
2023-05-24,38833.31944336,29000.00000000,0.00000000,0.00492280,1.33442214,0.00000000
2023-05-25,39021.59127599,29000.00000000,0.00000000,0.00484820,1.34089169,0.00000000
2023-05-26,39206.01621764,29000.00000000,0.00000000,0.00472623,1.34722905,0.00000000
2023-05-29,39384.71869434,29000.00000000,0.00000000,0.00455804,1.35336977,0.00000000
2023-05-30,39555.86096369,29000.00000000,0.00000000,0.00434540,1.35925070,0.00000000
2023-05-31,39717.66814196,29000.00000000,0.00000000,0.00409060,1.36481085,0.00000000
2023-06-01,40868.45526822,30000.00000000,1000.00000000,0.00379647,1.36999232,0.00000000
2023-06-02,41010.11925396,30000.00000000,0.00000000,0.00346634,1.37474118,0.00000000
2023-06-05,41137.41327331,30000.00000000,0.00000000,0.00310397,1.37900833,0.00000000
2023-06-06,41249.03996928,30000.00000000,0.00000000,0.00271351,1.38275028,0.00000000
2023-06-07,41343.89141273,30000.00000000,0.00000000,0.00229948,1.38592989,0.00000000
2023-06-08,41421.06729933,30000.00000000,0.00000000,0.00186668,1.38851698,0.00000000
2023-06-09,41479.89046185,30000.00000000,0.00000000,0.00142013,1.39048885,0.00000000
2023-06-12,41519.91939917,30000.00000000,0.00000000,0.00096502,1.39183070,0.00000000
2023-06-13,41540.95513747,30000.00000000,0.00000000,0.00050664,1.39253586,0.00000000
2023-06-14,41543.04540660,30000.00000000,0.00000000,0.00005032,1.39260593,0.00000000
2023-06-15,41526.48404346,30000.00000000,0.00000000,-0.00039866,1.39205076,-0.00039866
2023-06-16,41491.80651730,30000.00000000,0.00000000,-0.00083507,1.39088830,-0.00123339
2023-06-19,41439.78008548,30000.00000000,0.00000000,-0.00125390,1.38914427,-0.00248574
2023-06-20,41371.39066770,30000.00000000,0.00000000,-0.00165033,1.38685172,-0.00413197
2023-06-21,41287.82852711,30000.00000000,0.00000000,-0.00201980,1.38405055,-0.00614343
2023-06-22,41190.46589692,30000.00000000,0.00000000,-0.00235814,1.38078676,-0.00848709
2023-06-23,41080.83759012,30000.00000000,0.00000000,-0.00266150,1.37711180,-0.01112600
2023-06-26,40960.61444978,30000.00000000,0.00000000,-0.00292650,1.37308168,-0.01401994
2023-06-27,40831.57948414,30000.00000000,0.00000000,-0.00315022,1.36875617,-0.01712599
2023-06-28,40695.60042189,30000.00000000,0.00000000,-0.00333024,1.36419788,-0.02039920
2023-06-29,40554.60316249,30000.00000000,0.00000000,-0.00346468,1.35947137,-0.02379321
2023-06-30,40410.54462982,30000.00000000,0.00000000,-0.00355221,1.35464224,-0.02726090
2023-07-03,41265.38681904,31000.00000000,1000.00000000,-0.00359208,1.34977626,-0.03075505
2023-07-04,41117.48733499,31000.00000000,0.00000000,-0.00358411,1.34493852,-0.03422893
2023-07-05,40972.39619670,31000.00000000,0.00000000,-0.00352870,1.34019264,-0.03763684
2023-07-06,40831.99052620,31000.00000000,0.00000000,-0.00342684,1.33560002,-0.04093470
2023-07-07,40698.05848094,31000.00000000,0.00000000,-0.00328008,1.33121915,-0.04408051
2023-07-10,40572.28121628,31000.00000000,0.00000000,-0.00309050,1.32710502,-0.04703478
2023-07-11,40456.21454235,31000.00000000,0.00000000,-0.00286074,1.32330852,-0.04976096
2023-07-12,40351.27547225,31000.00000000,0.00000000,-0.00259389,1.31987600,-0.05222578
2023-07-13,40258.72846474,31000.00000000,0.00000000,-0.00229353,1.31684882,-0.05439953
2023-07-14,40179.67472398,31000.00000000,0.00000000,-0.00196364,1.31426300,-0.05625635
2023-07-17,40115.04394509,31000.00000000,0.00000000,-0.00160854,1.31214895,-0.05777441
2023-07-18,40065.58575401,31000.00000000,0.00000000,-0.00123291,1.31053119,-0.05893608
2023-07-19,40031.86542739,31000.00000000,0.00000000,-0.00084163,1.30942821,-0.05972811
2023-07-20,40014.25777819,31000.00000000,0.00000000,-0.00043984,1.30885227,-0.06014168
2023-07-21,40012.94746141,31000.00000000,0.00000000,-0.00003275,1.30880941,-0.06017246
2023-07-24,40027.92469401,31000.00000000,0.00000000,0.00037431,1.30929931,-0.05982067
2023-07-25,40058.98739494,31000.00000000,0.00000000,0.00077603,1.31031536,-0.05909107
2023-07-26,40105.74210229,31000.00000000,0.00000000,0.00116715,1.31184469,-0.05799289
2023-07-27,40167.60641908,31000.00000000,0.00000000,0.00154253,1.31386825,-0.05653981
2023-07-28,40243.81482194,31000.00000000,0.00000000,0.00189726,1.31636100,-0.05474982
2023-07-31,40333.42263545,31000.00000000,0.00000000,0.00222662,1.31929204,-0.05264511
2023-08-01,41435.31520375,32000.00000000,1000.00000000,0.00252626,1.32262491,-0.05025185
2023-08-02,41551.00859534,32000.00000000,0.00000000,0.00279214,1.32631787,-0.04760001
2023-08-03,41676.52177744,32000.00000000,0.00000000,0.00302070,1.33032428,-0.04472310
2023-08-04,41810.25294471,32000.00000000,0.00000000,0.00320879,1.33459301,-0.04165781
2023-08-07,41950.47591925,32000.00000000,0.00000000,0.00335379,1.33906896,-0.03844373
2023-08-08,42095.35675456,32000.00000000,0.00000000,0.00345362,1.34369359,-0.03512289
2023-08-09,42242.97409872,32000.00000000,0.00000000,0.00350674,1.34840557,-0.03173932
2023-08-10,42391.34018428,32000.00000000,0.00000000,0.00351221,1.35314145,-0.02833858
2023-08-11,42538.42557743,32000.00000000,0.00000000,0.00346970,1.35783645,-0.02496721
2023-08-14,42682.18236078,32000.00000000,0.00000000,0.00337946,1.36242520,-0.02167213
2023-08-15,42820.57201537,32000.00000000,0.00000000,0.00324233,1.36684263,-0.01850006
2023-08-16,42951.59236281,32000.00000000,0.00000000,0.00305975,1.37102483,-0.01549692
2023-08-17,43073.30607389,32000.00000000,0.00000000,0.00283374,1.37490996,-0.01270709
2023-08-18,43183.86823724,32000.00000000,0.00000000,0.00256684,1.37843913,-0.01017287
2023-08-21,43281.55424140,32000.00000000,0.00000000,0.00226209,1.38155729,-0.00793379
2023-08-22,43364.78609035,32000.00000000,0.00000000,0.00192303,1.38421407,-0.00602601
2023-08-23,43432.15840588,32000.00000000,0.00000000,0.00155362,1.38636461,-0.00448176
2023-08-24,43482.45973065,32000.00000000,0.00000000,0.00115816,1.38797024,-0.00332879
2023-08-25,43514.69351805,32000.00000000,0.00000000,0.00074131,1.38899915,-0.00258995
2023-08-28,43528.09442280,32000.00000000,0.00000000,0.00030796,1.38942691,-0.00228279
2023-08-29,43522.14145871,32000.00000000,0.00000000,-0.00013676,1.38923689,-0.00241923
2023-08-30,43496.56677059,32000.00000000,0.00000000,-0.00058762,1.38842054,-0.00300544
2023-08-31,43451.36002018,32000.00000000,0.00000000,-0.00103932,1.38697753,-0.00404163
2023-09-01,44386.76807285,33000.00000000,1000.00000000,-0.00148653,1.38491574,-0.00552216
2023-09-04,44301.36786325,33000.00000000,0.00000000,-0.00192400,1.38225116,-0.00743553
2023-09-05,44197.41061226,33000.00000000,0.00000000,-0.00234659,1.37900758,-0.00976468
2023-09-06,44075.89564379,33000.00000000,0.00000000,-0.00274937,1.37521618,-0.01248720
2023-09-07,43938.04278686,33000.00000000,0.00000000,-0.00312762,1.37091502,-0.01557577
2023-09-08,43785.27090196,33000.00000000,0.00000000,-0.00347698,1.36614837,-0.01899860
2023-09-11,43619.17640744,33000.00000000,0.00000000,-0.00379339,1.36096604,-0.02271992
2023-09-12,43441.50603691,33000.00000000,0.00000000,-0.00407322,1.35542253,-0.02670059
2023-09-13,43254.13023758,33000.00000000,0.00000000,-0.00431329,1.34957620,-0.03089871
2023-09-14,43059.01464563,33000.00000000,0.00000000,-0.00451091,1.34348838,-0.03527024
2023-09-15,42858.19252308,33000.00000000,0.00000000,-0.00466388,1.33722251,-0.03976963
2023-09-18,42653.73334861,33000.00000000,0.00000000,-0.00477060,1.33084316,-0.04435050
2023-09-19,42447.71781848,33000.00000000,0.00000000,-0.00482995,1.32441525,-0.04896624
2023-09-20,42242.20868084,33000.00000000,0.00000000,-0.00484146,1.31800314,-0.05357064
2023-09-21,42039.22541614,33000.00000000,0.00000000,-0.00480522,1.31166984,-0.05811844
2023-09-22,41840.72148151,33000.00000000,0.00000000,-0.00472187,1.30547630,-0.06256589
2023-09-25,41648.56123461,33000.00000000,0.00000000,-0.00459266,1.29948069,-0.06687121
2023-09-26,41464.50038311,33000.00000000,0.00000000,-0.00441938,1.29373779,-0.07099506
2023-09-27,41290.16899802,33000.00000000,0.00000000,-0.00420435,1.28829846,-0.07490092
2023-09-28,41127.05516819,33000.00000000,0.00000000,-0.00395043,1.28320913,-0.07855546
2023-09-29,40976.49314166,33000.00000000,0.00000000,-0.00366090,1.27851143,-0.08192878
2023-10-02,41839.65050571,34000.00000000,1000.00000000,-0.00333954,1.27424179,-0.08499471
2023-10-03,41714.53034667,34000.00000000,0.00000000,-0.00299047,1.27043121,-0.08773101
2023-10-04,41605.31411832,34000.00000000,0.00000000,-0.00261818,1.26710499,-0.09011949
2023-10-05,41512.64078857,34000.00000000,0.00000000,-0.00222744,1.26428259,-0.09214620
2023-10-06,41436.95362908,34000.00000000,0.00000000,-0.00182323,1.26197751,-0.09380142
2023-10-09,41378.49627510,34000.00000000,0.00000000,-0.00141075,1.26019717,-0.09507985
2023-10-10,41337.31403883,34000.00000000,0.00000000,-0.00099526,1.25894295,-0.09598048
2023-10-11,41313.25325277,34000.00000000,0.00000000,-0.00058206,1.25821017,-0.09650667
2023-10-12,41305.96323978,34000.00000000,0.00000000,-0.00017646,1.25798815,-0.09666610
2023-10-13,41314.90025327,34000.00000000,0.00000000,0.00021636,1.25826033,-0.09647065
2023-10-16,41339.33141744,34000.00000000,0.00000000,0.00059134,1.25900439,-0.09593636
2023-10-17,41378.34096584,34000.00000000,0.00000000,0.00094364,1.26019244,-0.09508324
2023-10-18,41430.83910688,34000.00000000,0.00000000,0.00126873,1.26179129,-0.09393515
2023-10-19,41495.57088922,34000.00000000,0.00000000,0.00156241,1.26376272,-0.09251950
2023-10-20,41571.12670895,34000.00000000,0.00000000,0.00182082,1.26606380,-0.09086715
2023-10-23,41655.95642865,34000.00000000,0.00000000,0.00204059,1.26864732,-0.08901198
2023-10-24,41748.38382472,34000.00000000,0.00000000,0.00221883,1.27146223,-0.08699065
2023-10-25,41846.62333320,34000.00000000,0.00000000,0.00235313,1.27445415,-0.08484222
2023-10-26,41948.79942243,34000.00000000,0.00000000,0.00244168,1.27756596,-0.08260770
2023-10-27,42052.96629397,34000.00000000,0.00000000,0.00248319,1.28073840,-0.08032964
2023-10-30,42157.13218047,34000.00000000,0.00000000,0.00247702,1.28391081,-0.07805160
2023-10-31,42259.28101670,34000.00000000,0.00000000,0.00242305,1.28702179,-0.07581767
2023-11-01,43357.40034931,35000.00000000,1000.00000000,0.00232184,1.29001005,-0.07367187
2023-11-02,43451.68044992,35000.00000000,0.00000000,0.00217449,1.29281516,-0.07165758
2023-11-03,43537.83194154,35000.00000000,0.00000000,0.00198270,1.29537842,-0.06981696
2023-11-06,43613.96660731,35000.00000000,0.00000000,0.00174870,1.29764365,-0.06819035
2023-11-07,43678.30949646,35000.00000000,0.00000000,0.00147528,1.29955804,-0.06681566
2023-11-08,43729.22614858,35000.00000000,0.00000000,0.00116572,1.30107296,-0.06572783
2023-11-09,43765.24679284,35000.00000000,0.00000000,0.00082372,1.30214468,-0.06495825
2023-11-10,43785.08987514,35000.00000000,0.00000000,0.00045340,1.30273507,-0.06453431
2023-11-13,43787.68323246,35000.00000000,0.00000000,0.00005923,1.30281223,-0.06447890
2023-11-14,43772.18190624,35000.00000000,0.00000000,-0.00035401,1.30235102,-0.06481009
2023-11-15,43737.98057810,35000.00000000,0.00000000,-0.00078135,1.30133343,-0.06554080
2023-11-16,43684.72566952,35000.00000000,0.00000000,-0.00121759,1.29974894,-0.06667858
2023-11-17,43612.31903893,35000.00000000,0.00000000,-0.00165748,1.29759463,-0.06822555
2023-11-20,43520.92067053,35000.00000000,0.00000000,-0.00209570,1.29487526,-0.07017827
2023-11-21,43410.94564938,35000.00000000,0.00000000,-0.00252695,1.29160318,-0.07252788
2023-11-22,43283.05609496,35000.00000000,0.00000000,-0.00294602,1.28779809,-0.07526023
2023-11-23,43138.14939763,35000.00000000,0.00000000,-0.00334789,1.28348669,-0.07835615
2023-11-24,42977.34376629,35000.00000000,0.00000000,-0.00372769,1.27870225,-0.08179175
2023-11-27,42801.95839838,35000.00000000,0.00000000,-0.00408088,1.27348402,-0.08553885
2023-11-28,42613.49196942,35000.00000000,0.00000000,-0.00440322,1.26787659,-0.08956542
2023-11-29,42413.59843372,35000.00000000,0.00000000,-0.00469085,1.26192917,-0.09383614
2023-11-30,42204.06080846,35000.00000000,0.00000000,-0.00494034,1.25569481,-0.09831289
2023-12-01,42986.76327730,36000.00000000,1000.00000000,-0.00514874,1.24922957,-0.10295544
2023-12-04,42758.35074731,36000.00000000,0.00000000,-0.00531355,1.24259172,-0.10772194
2023-12-05,42526.05050554,36000.00000000,0.00000000,-0.00543286,1.23584089,-0.11256956
2023-12-06,42291.93235075,36000.00000000,0.00000000,-0.00550529,1.22903723,-0.11745512
2023-12-07,42058.05747904,36000.00000000,0.00000000,-0.00553001,1.22224064,-0.12233561
2023-12-08,41826.45302000,36000.00000000,0.00000000,-0.00550678,1.21551003,-0.12716871
2023-12-11,41599.08554052,36000.00000000,0.00000000,-0.00543597,1.20890255,-0.13191340
2023-12-12,41377.84211898,36000.00000000,0.00000000,-0.00531847,1.20247304,-0.13653029
2023-12-13,41164.50660188,36000.00000000,0.00000000,-0.00515579,1.19627334,-0.14098216
2023-12-14,40960.74411910,36000.00000000,0.00000000,-0.00494996,1.19035184,-0.14523426
2023-12-15,40768.08387856,36000.00000000,0.00000000,-0.00470353,1.18475298,-0.14925468
2023-12-18,40587.90643432,36000.00000000,0.00000000,-0.00441957,1.17951688,-0.15301461
2023-12-19,40421.43129872,36000.00000000,0.00000000,-0.00410159,1.17467898,-0.15648860
2023-12-20,40269.70868387,36000.00000000,0.00000000,-0.00375352,1.17026980,-0.15965473
2023-12-21,40133.61089897,36000.00000000,0.00000000,-0.00337966,1.16631469,-0.16249481
2023-12-22,40013.82822105,36000.00000000,0.00000000,-0.00298460,1.16283371,-0.16499443
2023-12-25,39910.86201283,36000.00000000,0.00000000,-0.00257327,1.15984143,-0.16714312
2023-12-26,39825.02609916,36000.00000000,0.00000000,-0.00215069,1.15734697,-0.16893434
2023-12-27,39756.44229363,36000.00000000,0.00000000,-0.00172213,1.15535387,-0.17036554
2023-12-28,39705.04280733,36000.00000000,0.00000000,-0.00129286,1.15386016,-0.17143814
2023-12-29,39670.57024881,36000.00000000,0.00000000,-0.00086822,1.15285836,-0.17215751
2024-01-01,40652.58209752,37000.00000000,1000.00000000,-0.00045344,1.15233561,-0.17253289
2024-01-02,40650.40012711,37000.00000000,0.00000000,-0.00005367,1.15227376,-0.17257730
2024-01-03,40663.65775815,37000.00000000,0.00000000,0.00032614,1.15264956,-0.17230745
2024-01-04,40691.36013914,37000.00000000,0.00000000,0.00068126,1.15343481,-0.17174357
2024-01-05,40732.34907947,37000.00000000,0.00000000,0.00100731,1.15459668,-0.17090926
2024-01-08,40785.31010514,37000.00000000,0.00000000,0.00130022,1.15609791,-0.16983126
2024-01-09,40848.78798124,37000.00000000,0.00000000,0.00155639,1.15789725,-0.16853919
2024-01-10,40921.19694268,37000.00000000,0.00000000,0.00177261,1.15994975,-0.16706534
2024-01-11,41000.83833345,37000.00000000,0.00000000,0.00194621,1.16220726,-0.16544427
2024-01-12,41085.91789299,37000.00000000,0.00000000,0.00207507,1.16461892,-0.16371251
2024-01-15,41174.56410101,37000.00000000,0.00000000,0.00215758,1.16713168,-0.16190815
2024-01-16,41264.84934452,37000.00000000,0.00000000,0.00219274,1.16969090,-0.16007043
2024-01-17,41354.81320160,37000.00000000,0.00000000,0.00218016,1.17224101,-0.15823925
2024-01-18,41442.48572517,37000.00000000,0.00000000,0.00212001,1.17472617,-0.15645471
2024-01-19,41525.91284342,37000.00000000,0.00000000,0.00201308,1.17709099,-0.15475659
2024-01-22,41603.18211308,37000.00000000,0.00000000,0.00186075,1.17928126,-0.15318380
2024-01-23,41672.45023660,37000.00000000,0.00000000,0.00166497,1.18124473,-0.15177388
2024-01-24,41731.96669867,37000.00000000,0.00000000,0.00142820,1.18293178,-0.15056244
2024-01-25,41780.10304733,37000.00000000,0.00000000,0.00115346,1.18429625,-0.14958265
2024-01-26,41815.37476657,37000.00000000,0.00000000,0.00084422,1.18529606,-0.14886470
2024-01-29,41836.46561847,37000.00000000,0.00000000,0.00050438,1.18589390,-0.14843541
2024-01-30,41842.24739907,37000.00000000,0.00000000,0.00013820,1.18605779,-0.14831772
2024-01-31,41831.80004714,37000.00000000,0.00000000,-0.00024968,1.18576165,-0.14853037
2024-02-01,42804.42469712,38000.00000000,1000.00000000,-0.00065441,1.18498567,-0.14908759
2024-02-02,42758.58511918,38000.00000000,0.00000000,-0.00107091,1.18371666,-0.14999884
2024-02-05,42694.70569630,38000.00000000,0.00000000,-0.00149396,1.18194824,-0.15126870
2024-02-06,42612.80665697,38000.00000000,0.00000000,-0.00191825,1.17968097,-0.15289678
2024-02-07,42513.15819612,38000.00000000,0.00000000,-0.00233846,1.17692233,-0.15487770
2024-02-08,42396.27397305,38000.00000000,0.00000000,-0.00274937,1.17368654,-0.15720125
2024-02-09,42262.90352578,38000.00000000,0.00000000,-0.00314581,1.16999435,-0.15985253
2024-02-12,42114.01890577,38000.00000000,0.00000000,-0.00352282,1.16587267,-0.16281222
2024-02-13,41950.79770049,38000.00000000,0.00000000,-0.00387570,1.16135410,-0.16605690
2024-02-14,41774.60352728,38000.00000000,0.00000000,-0.00420002,1.15647639,-0.16955948
2024-02-15,41586.96436004,38000.00000000,0.00000000,-0.00449170,1.15128184,-0.17328958
2024-02-16,41389.54652112,38000.00000000,0.00000000,-0.00474711,1.14581658,-0.17721406
2024-02-19,41184.13084062,38000.00000000,0.00000000,-0.00496298,1.14012991,-0.18129753
2024-02-20,40972.58520339,38000.00000000,0.00000000,-0.00513658,1.13427354,-0.18550287
2024-02-21,40756.83601246,38000.00000000,0.00000000,-0.00526570,1.12830080,-0.18979176
2024-02-22,40538.84326460,38000.00000000,0.00000000,-0.00534862,1.12226595,-0.19412525
2024-02-23,40320.57309736,38000.00000000,0.00000000,-0.00538422,1.11622342,-0.19846426
2024-02-26,40103.97214226,38000.00000000,0.00000000,-0.00537197,1.11022710,-0.20277009
2024-02-27,39890.94549015,38000.00000000,0.00000000,-0.00531186,1.10432973,-0.20700486
2024-02-28,39683.33212805,38000.00000000,0.00000000,-0.00520452,1.09858222,-0.21113202
2024-02-29,39482.88687798,38000.00000000,0.00000000,-0.00505112,1.09303315,-0.21511669
2024-03-01,40291.26052970,39000.00000000,1000.00000000,-0.00485340,1.08772822,-0.21892605
2024-03-04,40105.37102604,39000.00000000,0.00000000,-0.00461364,1.08270983,-0.22252964
2024-03-05,39931.52969320,39000.00000000,0.00000000,-0.00433461,1.07801670,-0.22589968
2024-03-06,39771.02002476,39000.00000000,0.00000000,-0.00401962,1.07368348,-0.22901127
2024-03-07,39624.96734638,39000.00000000,0.00000000,-0.00367234,1.06974055,-0.23184260
2024-03-08,39494.32844418,39000.00000000,0.00000000,-0.00329688,1.06621374,-0.23437513
2024-03-11,39379.88563806,39000.00000000,0.00000000,-0.00289770,1.06312417,-0.23659368
2024-03-12,39282.24122543,39000.00000000,0.00000000,-0.00247955,1.06048810,-0.23848658
2024-03-13,39201.81525873,39000.00000000,0.00000000,-0.00204739,1.05831687,-0.24004570
2024-03-14,39138.84184126,39000.00000000,0.00000000,-0.00160639,1.05661680,-0.24126648
2024-03-15,39093.36949760,39000.00000000,0.00000000,-0.00116182,1.05538920,-0.24214799
2024-03-18,39065.26191444,39000.00000000,0.00000000,-0.00071899,1.05463039,-0.24269288
2024-03-19,39054.19905181,39000.00000000,0.00000000,-0.00028319,1.05433173,-0.24290734
2024-03-20,39059.67973605,39000.00000000,0.00000000,0.00014034,1.05447969,-0.24280109
2024-03-21,39081.02721599,39000.00000000,0.00000000,0.00054653,1.05505600,-0.24238726
2024-03-22,39117.39471925,39000.00000000,0.00000000,0.00093057,1.05603780,-0.24168225
2024-03-25,39167.77026764,39000.00000000,0.00000000,0.00128780,1.05739777,-0.24070568
2024-03-26,39230.98853049,39000.00000000,0.00000000,0.00161404,1.05910445,-0.23948015
2024-03-27,39305.73749215,39000.00000000,0.00000000,0.00190536,1.06112242,-0.23803109
2024-03-28,39390.57289823,39000.00000000,0.00000000,0.00215835,1.06341269,-0.23638650
2024-03-29,39483.93047938,39000.00000000,0.00000000,0.00237005,1.06593303,-0.23457670
2024-04-01,40584.14076790,40000.00000000,1000.00000000,0.00253800,1.06863837,-0.23263405
2024-04-02,40692.10756819,40000.00000000,0.00000000,0.00266032,1.07148129,-0.23059261
2024-04-03,40803.42739592,40000.00000000,0.00000000,0.00273566,1.07441250,-0.22848777
2024-04-04,40916.17973239,40000.00000000,0.00000000,0.00276331,1.07738143,-0.22635585
2024-04-05,41028.41671510,40000.00000000,0.00000000,0.00274310,1.08033679,-0.22423367
2024-04-08,41138.18744339,40000.00000000,0.00000000,0.00267548,1.08322721,-0.22215812
2024-04-09,41243.56418283,40000.00000000,0.00000000,0.00256153,1.08600193,-0.22016566
2024-04-10,41342.66705055,40000.00000000,0.00000000,0.00240287,1.08861145,-0.21829182
2024-04-11,41433.68983988,40000.00000000,0.00000000,0.00220167,1.09100821,-0.21657076
2024-04-12,41514.92774392,40000.00000000,0.00000000,0.00196067,1.09314732,-0.21503471
2024-04-15,41584.80090151,40000.00000000,0.00000000,0.00168309,1.09498718,-0.21371354
2024-04-16,41641.87908257,40000.00000000,0.00000000,0.00137257,1.09649013,-0.21263431
2024-04-17,41684.90409478,40000.00000000,0.00000000,0.00103321,1.09762304,-0.21182079
2024-04-18,41712.81029141,40000.00000000,0.00000000,0.00066946,1.09835785,-0.21129314
2024-04-19,41724.74128137,40000.00000000,0.00000000,0.00028603,1.09867201,-0.21106755
2024-04-22,41720.06322133,40000.00000000,0.00000000,-0.00011212,1.09854883,-0.21115600
2024-04-23,41698.37734825,40000.00000000,0.00000000,-0.00051979,1.09797781,-0.21156604
2024-04-24,41659.52491646,40000.00000000,0.00000000,-0.00093175,1.09695477,-0.21230066
2024-04-25,41603.58947633,40000.00000000,0.00000000,-0.00134268,1.09548191,-0.21335829
2024-04-26,41530.89687420,40000.00000000,0.00000000,-0.00174727,1.09356781,-0.21473276
2024-04-29,41442.00765699,40000.00000000,0.00000000,-0.00214032,1.09122723,-0.21641348
2024-04-30,41337.70833728,40000.00000000,0.00000000,-0.00251675,1.08848088,-0.21838558
2024-05-01,42218.99886088,41000.00000000,1000.00000000,-0.00287170,1.08535509,-0.22063014
2024-05-02,42083.87302491,41000.00000000,0.00000000,-0.00320059,1.08188131,-0.22312458
2024-05-03,41936.61582354,41000.00000000,0.00000000,-0.00349914,1.07809566,-0.22584298
2024-05-06,41778.78943217,41000.00000000,0.00000000,-0.00376345,1.07403830,-0.22875648
2024-05-07,41612.08983798,41000.00000000,0.00000000,-0.00399005,1.06975283,-0.23183378
2024-05-08,41438.32116683,41000.00000000,0.00000000,-0.00417592,1.06528563,-0.23504158
2024-05-09,41259.36806506,41000.00000000,0.00000000,-0.00431854,1.06068515,-0.23834509
2024-05-10,41077.16963731,41000.00000000,0.00000000,-0.00441593,1.05600124,-0.24170850
2024-05-13,40893.69260635,41000.00000000,0.00000000,-0.00446664,1.05128446,-0.24509552
2024-05-14,40710.90563991,41000.00000000,0.00000000,-0.00446981,1.04658542,-0.24846980
2024-05-15,40530.75484442,41000.00000000,0.00000000,-0.00442512,1.04195415,-0.25179541
2024-05-16,40355.13925876,41000.00000000,0.00000000,-0.00433290,1.03743947,-0.25503730
2024-05-17,40185.89101591,41000.00000000,0.00000000,-0.00419397,1.03308848,-0.25816165
2024-05-20,40024.75317061,41000.00000000,0.00000000,-0.00400981,1.02894599,-0.26113629
2024-05-21,39873.36413986,41000.00000000,0.00000000,-0.00378239,1.02505412,-0.26393095
2024-05-22,39733.24136542,41000.00000000,0.00000000,-0.00351419,1.02145188,-0.26651764
2024-05-23,39605.76614331,41000.00000000,0.00000000,-0.00320828,1.01817478,-0.26887086
2024-05-24,39492.17312109,41000.00000000,0.00000000,-0.00286809,1.01525456,-0.27096780
2024-05-27,39393.53940624,41000.00000000,0.00000000,-0.00249755,1.01271891,-0.27278860
2024-05-28,39310.77678637,41000.00000000,0.00000000,-0.00210092,1.01059127,-0.27431641
2024-05-29,39244.62550545,41000.00000000,0.00000000,-0.00168278,1.00889067,-0.27553757
2024-05-30,39195.64765097,41000.00000000,0.00000000,-0.00124801,1.00763156,-0.27644171
2024-05-31,39164.22482006,41000.00000000,0.00000000,-0.00080169,1.00682375,-0.27702178
2024-06-03,40150.55578553,42000.00000000,1000.00000000,-0.00034902,1.00647235,-0.27727412
2024-06-04,40154.75844550,42000.00000000,0.00000000,0.00010467,1.00657770,-0.27719847
2024-06-05,40177.00761059,42000.00000000,0.00000000,0.00055409,1.00713543,-0.27679797
2024-06-06,40216.94026035,42000.00000000,0.00000000,0.00099392,1.00813644,-0.27607917
2024-06-07,40274.00867270,42000.00000000,0.00000000,0.00141901,1.00956700,-0.27505192
2024-06-10,40347.48481209,42000.00000000,0.00000000,0.00182441,1.01140886,-0.27372932
2024-06-11,40436.46312198,42000.00000000,0.00000000,0.00220530,1.01363932,-0.27212767
2024-06-12,40539.87089686,42000.00000000,0.00000000,0.00255729,1.01623149,-0.27026629
2024-06-13,40656.47386715,42000.00000000,0.00000000,0.00287625,1.01915443,-0.26816739
2024-06-14,40784.88816694,42000.00000000,0.00000000,0.00315852,1.02237345,-0.26585588
2024-06-17,40923.59110491,42000.00000000,0.00000000,0.00340084,1.02585038,-0.26335918
2024-06-18,41070.93592449,42000.00000000,0.00000000,0.00360049,1.02954394,-0.26070691
2024-06-19,41225.16776085,42000.00000000,0.00000000,0.00375525,1.03341014,-0.25793068
2024-06-20,41384.44079454,42000.00000000,0.00000000,0.00386349,1.03740271,-0.25506370
2024-06-21,41546.83819775,42000.00000000,0.00000000,0.00392412,1.04147360,-0.25214048
2024-06-24,41710.39527182,42000.00000000,0.00000000,0.00393669,1.04557356,-0.24919639
2024-06-25,41873.12019129,42000.00000000,0.00000000,0.00390130,1.04965266,-0.24626728
2024-06-26,42033.02073178,42000.00000000,0.00000000,0.00381869,1.05366096,-0.24338900
2024-06-27,42188.13020002,42000.00000000,0.00000000,0.00369018,1.05754916,-0.24059697
2024-06-28,42336.53336388,42000.00000000,0.00000000,0.00351765,1.06126925,-0.23792566
2024-07-01,43476.39318024,43000.00000000,1000.00000000,0.00330353,1.06477518,-0.23540812
2024-07-02,43609.02907744,43000.00000000,0.00000000,0.00305076,1.06802355,-0.23307554
2024-07-03,43729.51187987,43000.00000000,0.00000000,0.00276279,1.07097428,-0.23095669
2024-07-04,43836.36389469,43000.00000000,0.00000000,0.00244348,1.07359118,-0.22907755
2024-07-05,43928.29117091,43000.00000000,0.00000000,0.00209706,1.07584256,-0.22746088
2024-07-08,44004.20514009,43000.00000000,0.00000000,0.00172813,1.07770176,-0.22612583
2024-07-09,44063.23935730,43000.00000000,0.00000000,0.00134156,1.07914756,-0.22508763
2024-07-10,44104.76338382,43000.00000000,0.00000000,0.00094237,1.08016452,-0.22435737
2024-07-11,44128.39626152,43000.00000000,0.00000000,0.00053584,1.08074331,-0.22394176
2024-07-12,44134.01018774,43000.00000000,0.00000000,0.00012722,1.08088080,-0.22384303
2024-07-15,44121.73459840,43000.00000000,0.00000000,-0.00027814,1.08058016,-0.22405891
2024-07-16,44091.95330983,43000.00000000,0.00000000,-0.00067498,1.07985079,-0.22458266
2024-07-17,44045.29839403,43000.00000000,0.00000000,-0.00105813,1.07870817,-0.22540315
2024-07-18,43982.63997076,43000.00000000,0.00000000,-0.00142259,1.07717361,-0.22650508
2024-07-19,43905.07069160,43000.00000000,0.00000000,-0.00176363,1.07527387,-0.22786924
2024-07-22,43813.88899901,43000.00000000,0.00000000,-0.00207679,1.07304075,-0.22947280
2024-07-23,43710.57871057,43000.00000000,0.00000000,-0.00235793,1.07051059,-0.23128965
2024-07-24,43596.78411174,43000.00000000,0.00000000,-0.00260337,1.06772366,-0.23329089
2024-07-25,43474.28627361,43000.00000000,0.00000000,-0.00280979,1.06472358,-0.23544518
2024-07-26,43344.97528740,43000.00000000,0.00000000,-0.00297442,1.06155664,-0.23771929
2024-07-29,43210.82372403,43000.00000000,0.00000000,-0.00309497,1.05827115,-0.24007853
2024-07-30,43073.85886867,43000.00000000,0.00000000,-0.00316969,1.05491676,-0.24248724
2024-07-31,42936.13454697,43000.00000000,0.00000000,-0.00319740,1.05154377,-0.24490931
2024-08-01,43799.70580951,44000.00000000,1000.00000000,-0.00317748,1.04820251,-0.24730860
2024-08-02,43663.49331275,44000.00000000,0.00000000,-0.00310990,1.04494271,-0.24964939
2024-08-05,43532.71210022,44000.00000000,0.00000000,-0.00299521,1.04181289,-0.25189684
2024-08-06,43409.31731724,44000.00000000,0.00000000,-0.00283453,1.03885984,-0.25401737
2024-08-07,43295.16925596,44000.00000000,0.00000000,-0.00262958,1.03612808,-0.25597898
2024-08-08,43192.01664116,44000.00000000,0.00000000,-0.00238254,1.03365946,-0.25775165
2024-08-09,43101.47699099,44000.00000000,0.00000000,-0.00209621,1.03149269,-0.25930756
2024-08-12,43025.02449925,44000.00000000,0.00000000,-0.00177378,1.02966305,-0.26062138
2024-08-13,42963.97373896,44000.00000000,0.00000000,-0.00141896,1.02820200,-0.26167053
2024-08-14,42919.47214100,44000.00000000,0.00000000,-0.00103579,1.02713700,-0.26243528
2024-08-15,42892.48704056,44000.00000000,0.00000000,-0.00062874,1.02649120,-0.26289902
2024-08-16,42883.80108077,44000.00000000,0.00000000,-0.00020251,1.02628333,-0.26304828
2024-08-19,42894.00427344,44000.00000000,0.00000000,0.00023793,1.02652751,-0.26287294
2024-08-20,42923.48898476,44000.00000000,0.00000000,0.00068739,1.02723313,-0.26236625
2024-08-21,42972.44826392,44000.00000000,0.00000000,0.00114062,1.02840481,-0.26152490
2024-08-22,43040.87291810,44000.00000000,0.00000000,0.00159229,1.03004233,-0.26034903
2024-08-23,43128.55109463,44000.00000000,0.00000000,0.00203709,1.03214062,-0.25884229
2024-08-26,43235.06786310,44000.00000000,0.00000000,0.00246975,1.03468975,-0.25701182
2024-08-27,43359.81022968,44000.00000000,0.00000000,0.00288521,1.03767505,-0.25486814
2024-08-28,43501.96713707,44000.00000000,0.00000000,0.00327854,1.04107711,-0.25242519
2024-08-29,43660.53782165,44000.00000000,0.00000000,0.00364514,1.04487198,-0.24970018
2024-08-30,43834.33682769,44000.00000000,0.00000000,0.00398069,1.04903129,-0.24671347
2024-09-02,45022.00320023,45000.00000000,1000.00000000,0.00428126,1.05352247,-0.24348845
2024-09-03,45226.55599905,45000.00000000,0.00000000,0.00454340,1.05830904,-0.24005132
2024-09-04,45442.01726624,45000.00000000,0.00000000,0.00476404,1.06335087,-0.23643089
2024-09-05,45666.53316900,45000.00000000,0.00000000,0.00494071,1.06860458,-0.23265832
2024-09-06,45898.12808056,45000.00000000,0.00000000,0.00507144,1.07402394,-0.22876679
2024-09-09,46134.72552015,45000.00000000,0.00000000,0.00515484,1.07956036,-0.22479121
2024-09-10,46374.16994777,45000.00000000,0.00000000,0.00519011,1.08516340,-0.22076779
2024-09-11,46614.25112294,45000.00000000,0.00000000,0.00517705,1.09078134,-0.21673367
2024-09-12,46852.73230963,45000.00000000,0.00000000,0.00511606,1.09636184,-0.21272643
2024-09-13,47087.37634451,45000.00000000,0.00000000,0.00500812,1.10185255,-0.20878367
2024-09-16,47315.97683321,45000.00000000,0.00000000,0.00485481,1.10720184,-0.20494246
2024-09-17,47536.38934675,45000.00000000,0.00000000,0.00465831,1.11235953,-0.20123884
2024-09-18,47746.55919909,45000.00000000,0.00000000,0.00442124,1.11727754,-0.19770732
2024-09-19,47944.55478023,45000.00000000,0.00000000,0.00414680,1.12191067,-0.19438037
2024-09-20,48128.59704315,45000.00000000,0.00000000,0.00383865,1.12621729,-0.19128788
2024-09-23,48297.08599941,45000.00000000,0.00000000,0.00350081,1.13015996,-0.18845674
2024-09-24,48448.62721459,45000.00000000,0.00000000,0.00313769,1.13370605,-0.18591037
2024-09-25,48582.05659454,45000.00000000,0.00000000,0.00275404,1.13682832,-0.18366833
2024-09-26,48696.45705184,45000.00000000,0.00000000,0.00235479,1.13950531,-0.18174604
2024-09-27,48791.17773649,45000.00000000,0.00000000,0.00194512,1.14172179,-0.18015444
2024-09-30,48865.84258282,45000.00000000,0.00000000,0.00153029,1.14346896,-0.17889983
2024-10-01,49920.35928381,46000.00000000,1000.00000000,0.00111564,1.14474466,-0.17798378
2024-10-02,49955.62574556,46000.00000000,0.00000000,0.00070645,1.14555337,-0.17740306
2024-10-03,49971.01249527,46000.00000000,0.00000000,0.00030801,1.14590621,-0.17714970
2024-10-04,49967.28355023,46000.00000000,0.00000000,-0.00007462,1.14582070,-0.17721110
2024-10-07,49945.47068262,46000.00000000,0.00000000,-0.00043654,1.14532050,-0.17757028
2024-10-08,49906.85772056,46000.00000000,0.00000000,-0.00077310,1.14443505,-0.17820611
2024-10-09,49852.95830785,46000.00000000,0.00000000,-0.00108000,1.14319906,-0.17909364
2024-10-10,49785.49235554,46000.00000000,0.00000000,-0.00135330,1.14165197,-0.18020458
2024-10-11,49706.36118514,46000.00000000,0.00000000,-0.00158944,1.13983738,-0.18150759
2024-10-14,49617.61656679,46000.00000000,0.00000000,-0.00178538,1.13780234,-0.18296891
2024-10-15,49521.43106560,46000.00000000,0.00000000,-0.00193854,1.13559667,-0.18455275
2024-10-16,49420.06751582,46000.00000000,0.00000000,-0.00204686,1.13327226,-0.18622186
2024-10-17,49315.84762293,46000.00000000,0.00000000,-0.00210886,1.13088235,-0.18793800
2024-10-18,49211.12100168,46000.00000000,0.00000000,-0.00212359,1.12848082,-0.18966249
2024-10-21,49108.23421427,46000.00000000,0.00000000,-0.00209072,1.12612148,-0.19135668
2024-10-22,49009.50373316,46000.00000000,0.00000000,-0.00201047,1.12385745,-0.19298243
2024-10-23,48917.18672354,46000.00000000,0.00000000,-0.00188366,1.12174049,-0.19450258
2024-10-24,48833.45705877,46000.00000000,0.00000000,-0.00171166,1.11982045,-0.19588131
2024-10-25,48760.38177186,46000.00000000,0.00000000,-0.00149642,1.11814473,-0.19708461
2024-10-28,48699.89881533,46000.00000000,0.00000000,-0.00124041,1.11675777,-0.19808056
2024-10-29,48653.79961780,46000.00000000,0.00000000,-0.00094660,1.11570065,-0.19883965
2024-10-30,48623.71033247,46000.00000000,0.00000000,-0.00061844,1.11501066,-0.19933512
2024-10-31,48611.07919072,46000.00000000,0.00000000,-0.00025977,1.11472101,-0.19954311
2024-11-01,49617.16254744,47000.00000000,1000.00000000,0.00012514,1.11486051,-0.19944294
2024-11-04,49643.54437849,47000.00000000,0.00000000,0.00053171,1.11545329,-0.19901728
2024-11-05,49690.95939782,47000.00000000,0.00000000,0.00095511,1.11651867,-0.19825225
2024-11-06,49760.04225052,47000.00000000,0.00000000,0.00139025,1.11807091,-0.19713762
2024-11-07,49851.19926966,47000.00000000,0.00000000,0.00183193,1.12011914,-0.19566683
2024-11-08,49964.60224555,47000.00000000,0.00000000,0.00227483,1.12266722,-0.19383711
2024-11-11,50100.18709063,47000.00000000,0.00000000,0.00271362,1.12571371,-0.19164949
2024-11-12,50257.65116908,47000.00000000,0.00000000,0.00314298,1.12925181,-0.18910886
2024-11-13,50436.45552215,47000.00000000,0.00000000,0.00355775,1.13326941,-0.18622391
2024-11-14,50635.82664832,47000.00000000,0.00000000,0.00395292,1.13774913,-0.18300712
2024-11-15,50854.75961872,47000.00000000,0.00000000,0.00432368,1.14266839,-0.17947471
2024-11-18,51092.02475286,47000.00000000,0.00000000,0.00466554,1.14799956,-0.17564651
2024-11-19,51346.17607469,47000.00000000,0.00000000,0.00497438,1.15371015,-0.17154586
2024-11-20,51615.56243887,47000.00000000,0.00000000,0.00524647,1.15976306,-0.16719940
2024-11-21,51898.33865711,47000.00000000,0.00000000,0.00547851,1.16611683,-0.16263689
2024-11-22,52192.48374531,47000.00000000,0.00000000,0.00566772,1.17272605,-0.15789095
2024-11-25,52495.81783561,47000.00000000,0.00000000,0.00581183,1.17954174,-0.15299676
2024-11-26,52806.02398388,47000.00000000,0.00000000,0.00590916,1.18651184,-0.14799168
2024-11-27,53120.67131256,47000.00000000,0.00000000,0.00595855,1.19358173,-0.14291495
2024-11-28,53437.24393901,47000.00000000,0.00000000,0.00595950,1.20069488,-0.13780715
2024-11-29,53753.16945890,47000.00000000,0.00000000,0.00591208,1.20779349,-0.13270979
2024-12-02,55065.84920981,48000.00000000,1000.00000000,0.00581695,1.21481917,-0.12766480
2024-12-03,55378.36971659,48000.00000000,0.00000000,0.00567540,1.22171375,-0.12271395
2024-12-04,55682.35442616,48000.00000000,0.00000000,0.00548923,1.22842002,-0.11789833
2024-12-05,55975.29169008,48000.00000000,0.00000000,0.00526086,1.23488257,-0.11325771
2024-12-06,56254.78771379,48000.00000000,0.00000000,0.00499320,1.24104859,-0.10883003
2024-12-09,56518.60281943,48000.00000000,0.00000000,0.00468965,1.24686867,-0.10465075
2024-12-10,56764.68589542,48000.00000000,0.00000000,0.00435402,1.25229756,-0.10075239
2024-12-11,56991.20839276,48000.00000000,0.00000000,0.00399055,1.25729492,-0.09716389
2024-12-12,57196.59469513,48000.00000000,0.00000000,0.00360382,1.26182599,-0.09391023
2024-12-13,57379.54750279,48000.00000000,0.00000000,0.00319867,1.26586215,-0.09101195
2024-12-16,57539.07049677,48000.00000000,0.00000000,0.00278014,1.26938142,-0.08848484
2024-12-17,57674.48737687,48000.00000000,0.00000000,0.00235348,1.27236888,-0.08633961
2024-12-18,57785.45183384,48000.00000000,0.00000000,0.00192398,1.27481689,-0.08458175
2024-12-19,57871.95525530,48000.00000000,0.00000000,0.00149698,1.27672526,-0.08321139
2024-12-20,57934.32853880,48000.00000000,0.00000000,0.00107778,1.27810129,-0.08222329
2024-12-23,57973.23483931,48000.00000000,0.00000000,0.00067156,1.27895961,-0.08160695
2024-12-24,57989.66095682,48000.00000000,0.00000000,0.00028334,1.27932199,-0.08134673
2024-12-25,57984.90056479,48000.00000000,0.00000000,-0.00008209,1.27921697,-0.08142214
2024-12-26,57960.53426570,48000.00000000,0.00000000,-0.00042022,1.27867942,-0.08180815
2024-12-27,57918.40194062,48000.00000000,0.00000000,-0.00072691,1.27774993,-0.08247559
2024-12-30,57860.57691208,48000.00000000,0.00000000,-0.00099839,1.27647424,-0.08339164
2024-12-31,57789.33194770,48000.00000000,0.00000000,-0.00123132,1.27490249,-0.08452028
